"Variables ->","TotalCases","Recovered","ActiveCases","Tests","NewCases","Deaths","Rt_raw","Rt_smooth"
"Comments ->","","","","","","","",""
"Class[Size] ->","tseries[248-by-1]","tseries[248-by-1]","tseries[248-by-1]","tseries[248-by-1]","tseries[248-by-1]","tseries[248-by-1]","tseries[248-by-1]","tseries[248-by-1]"
"2020-Mar-06",1.00000000e+00,0.00000000e+00,1.00000000e+00,3.78000000e+02,1.00000000e+00,0.00000000e+00,0.00000000e+00,0.00000000e+00
"2020-Mar-07",3.00000000e+00,0.00000000e+00,3.00000000e+00,6.60000000e+01,2.00000000e+00,0.00000000e+00,8.27278314e-01,9.16163122e-01
"2020-Mar-08",5.00000000e+00,0.00000000e+00,5.00000000e+00,7.60000000e+01,2.00000000e+00,0.00000000e+00,8.67740542e-01,1.20972766e+00
"2020-Mar-09",7.00000000e+00,0.00000000e+00,7.00000000e+00,6.90000000e+01,2.00000000e+00,0.00000000e+00,9.09616644e-01,1.79779392e+00
"2020-Mar-10",7.00000000e+00,0.00000000e+00,7.00000000e+00,1.11000000e+02,0.00000000e+00,0.00000000e+00,0.00000000e+00,2.22126566e+00
"2020-Mar-11",1.00000000e+01,0.00000000e+00,1.00000000e+01,9.70000000e+01,3.00000000e+00,0.00000000e+00,6.01400905e+00,2.33531886e+00
"2020-Mar-12",2.10000000e+01,0.00000000e+00,2.10000000e+01,9.50000000e+01,1.10000000e+01,0.00000000e+00,5.62978749e+00,2.36192123e+00
"2020-Mar-13",3.20000000e+01,0.00000000e+00,3.20000000e+01,5.80000000e+01,1.10000000e+01,0.00000000e+00,3.17707013e+00,2.30472543e+00
"2020-Mar-14",4.40000000e+01,0.00000000e+00,4.40000000e+01,1.97000000e+02,1.20000000e+01,0.00000000e+00,2.60571311e+00,2.20331122e+00
"2020-Mar-15",6.10000000e+01,0.00000000e+00,6.10000000e+01,2.89000000e+02,1.70000000e+01,0.00000000e+00,2.97963062e+00,2.07691805e+00
"2020-Mar-16",7.20000000e+01,0.00000000e+00,7.20000000e+01,1.59000000e+02,1.10000000e+01,0.00000000e+00,1.48172037e+00,1.96088804e+00
"2020-Mar-17",9.60000000e+01,0.00000000e+00,9.60000000e+01,3.18000000e+02,2.40000000e+01,0.00000000e+00,3.06336326e+00,1.85692687e+00
"2020-Mar-18",1.04000000e+02,0.00000000e+00,1.04000000e+02,2.25000000e+02,8.00000000e+00,0.00000000e+00,7.70674051e-01,1.76528342e+00
"2020-Mar-19",1.23000000e+02,1.00000000e+00,1.22000000e+02,3.01000000e+02,1.90000000e+01,0.00000000e+00,1.96583763e+00,1.68503169e+00
"2020-Mar-20",1.37000000e+02,1.00000000e+00,1.36000000e+02,3.68000000e+02,1.40000000e+01,0.00000000e+00,1.25175849e+00,1.61624320e+00
"2020-Mar-21",1.78000000e+02,2.00000000e+00,1.76000000e+02,4.40000000e+02,4.10000000e+01,0.00000000e+00,3.58428685e+00,1.55827553e+00
"2020-Mar-22",1.85000000e+02,2.00000000e+00,1.83000000e+02,2.42000000e+02,7.00000000e+00,0.00000000e+00,4.28438450e-01,1.51046393e+00
"2020-Mar-23",2.04000000e+02,2.00000000e+00,2.02000000e+02,4.51000000e+02,1.90000000e+01,0.00000000e+00,1.34581102e+00,1.47154299e+00
"2020-Mar-24",2.16000000e+02,2.00000000e+00,2.14000000e+02,4.76000000e+02,1.20000000e+01,0.00000000e+00,8.03790151e-01,1.43995586e+00
"2020-Mar-25",2.26000000e+02,2.00000000e+00,2.24000000e+02,3.35000000e+02,1.00000000e+01,0.00000000e+00,7.10292423e-01,1.41430716e+00
"2020-Mar-26",2.69000000e+02,2.00000000e+00,2.67000000e+02,9.13000000e+02,4.30000000e+01,0.00000000e+00,3.28654027e+00,1.39317469e+00
"2020-Mar-27",2.92000000e+02,2.00000000e+00,2.90000000e+02,7.47000000e+02,2.30000000e+01,0.00000000e+00,1.22754225e+00,1.37583660e+00
"2020-Mar-28",3.14000000e+02,2.00000000e+00,3.12000000e+02,7.20000000e+02,2.20000000e+01,0.00000000e+00,1.15425450e+00,1.36111029e+00
"2020-Mar-29",3.36000000e+02,2.00000000e+00,3.34000000e+02,4.01000000e+02,2.20000000e+01,0.00000000e+00,1.14259164e+00,1.34802366e+00
"2020-Mar-30",3.63000000e+02,3.00000000e+00,3.59000000e+02,6.88000000e+02,2.70000000e+01,1.00000000e+00,1.38523568e+00,1.33617103e+00
"2020-Mar-31",4.00000000e+02,3.00000000e+00,3.96000000e+02,8.77000000e+02,3.70000000e+01,1.00000000e+00,1.78696076e+00,1.32508011e+00
"2020-Apr-01",4.26000000e+02,5.00000000e+00,4.20000000e+02,1.19100000e+03,2.60000000e+01,1.00000000e+00,1.10692680e+00,1.31456827e+00
"2020-Apr-02",4.50000000e+02,8.00000000e+00,4.41000000e+02,1.45400000e+03,2.40000000e+01,1.00000000e+00,1.02143635e+00,1.30469142e+00
"2020-Apr-03",4.71000000e+02,8.00000000e+00,4.62000000e+02,1.88900000e+03,2.10000000e+01,1.00000000e+00,9.03564695e-01,1.29555809e+00
"2020-Apr-04",4.85000000e+02,8.00000000e+00,4.76000000e+02,1.52400000e+03,1.40000000e+01,1.00000000e+00,6.21888676e-01,1.28722761e+00
"2020-Apr-05",5.34000000e+02,8.00000000e+00,5.24000000e+02,1.03600000e+03,4.90000000e+01,2.00000000e+00,2.39616012e+00,1.28019096e+00
"2020-Apr-06",5.81000000e+02,1.30000000e+01,5.66000000e+02,1.44800000e+03,4.70000000e+01,2.00000000e+00,1.78359822e+00,1.27398054e+00
"2020-Apr-07",6.82000000e+02,1.60000000e+01,6.64000000e+02,2.04200000e+03,1.01000000e+02,2.00000000e+00,3.39529750e+00,1.26822982e+00
"2020-Apr-08",7.01000000e+02,2.30000000e+01,6.76000000e+02,1.69000000e+03,1.90000000e+01,2.00000000e+00,4.55247205e-01,1.26243566e+00
"2020-Apr-09",7.15000000e+02,2.30000000e+01,6.90000000e+02,2.30100000e+03,1.40000000e+01,2.00000000e+00,3.86343571e-01,1.25567266e+00
"2020-Apr-10",7.28000000e+02,2.30000000e+01,7.03000000e+02,2.17400000e+03,1.30000000e+01,2.00000000e+00,4.21289831e-01,1.24684778e+00
"2020-Apr-11",7.42000000e+02,2.30000000e+01,7.17000000e+02,1.58000000e+03,1.40000000e+01,2.00000000e+00,5.22683087e-01,1.23507202e+00
"2020-Apr-12",7.69000000e+02,1.07000000e+02,6.60000000e+02,1.32400000e+03,2.70000000e+01,2.00000000e+00,1.11415895e+00,1.21899258e+00
"2020-Apr-13",8.35000000e+02,1.13000000e+02,7.20000000e+02,1.30200000e+03,6.60000000e+01,2.00000000e+00,2.56001697e+00,1.19779608e+00
"2020-Apr-14",8.63000000e+02,1.51000000e+02,7.06000000e+02,1.43900000e+03,2.80000000e+01,6.00000000e+00,8.18374819e-01,1.17115970e+00
"2020-Apr-15",9.77000000e+02,1.67000000e+02,8.02000000e+02,2.96700000e+03,1.14000000e+02,8.00000000e+00,3.53116089e+00,1.13869240e+00
"2020-Apr-16",1.04900000e+03,1.75000000e+02,8.65000000e+02,3.35100000e+03,7.20000000e+01,9.00000000e+00,1.52488379e+00,1.10052082e+00
"2020-Apr-17",1.08900000e+03,2.13000000e+02,8.65000000e+02,3.14400000e+03,4.00000000e+01,1.10000000e+01,7.91589869e-01,1.05732150e+00
"2020-Apr-18",1.16100000e+03,2.29000000e+02,9.20000000e+02,3.32300000e+03,7.20000000e+01,1.20000000e+01,1.52119162e+00,1.00961612e+00
"2020-Apr-19",1.17300000e+03,2.51000000e+02,9.09000000e+02,2.45800000e+03,1.20000000e+01,1.30000000e+01,2.32458232e-01,9.58317087e-01
"2020-Apr-20",1.19900000e+03,2.58000000e+02,9.27000000e+02,2.69400000e+03,2.60000000e+01,1.40000000e+01,6.25602710e-01,9.04578539e-01
"2020-Apr-21",1.24400000e+03,2.84000000e+02,9.46000000e+02,3.46800000e+03,4.50000000e+01,1.40000000e+01,1.16265421e+00,8.49231259e-01
"2020-Apr-22",1.32500000e+03,2.88000000e+02,1.02200000e+03,4.52500000e+03,8.10000000e+01,1.50000000e+01,1.98079166e+00,7.93444356e-01
"2020-Apr-23",1.36000000e+03,3.55000000e+02,9.88000000e+02,3.84000000e+03,3.50000000e+01,1.70000000e+01,7.12228345e-01,7.38504705e-01
"2020-Apr-24",1.37300000e+03,3.86000000e+02,9.70000000e+02,4.82800000e+03,1.30000000e+01,1.70000000e+01,2.86816998e-01,6.85510082e-01
"2020-Apr-25",1.37900000e+03,3.94000000e+02,9.67000000e+02,4.83900000e+03,6.00000000e+00,1.80000000e+01,1.62052702e-01,6.35625953e-01
"2020-Apr-26",1.38100000e+03,4.03000000e+02,9.60000000e+02,3.17100000e+03,2.00000000e+00,1.80000000e+01,7.05901783e-02,5.90352190e-01
"2020-Apr-27",1.38400000e+03,4.23000000e+02,9.41000000e+02,1.76700000e+03,3.00000000e+00,2.00000000e+01,1.54950402e-01,5.50717612e-01
"2020-Apr-28",1.39100000e+03,4.84000000e+02,8.86000000e+02,5.47200000e+03,7.00000000e+00,2.10000000e+01,4.47080345e-01,5.18063304e-01
"2020-Apr-29",1.39600000e+03,5.24000000e+02,8.49000000e+02,4.58400000e+03,5.00000000e+00,2.30000000e+01,3.15173925e-01,4.93669574e-01
"2020-Apr-30",1.40300000e+03,5.58000000e+02,8.22000000e+02,5.15000000e+03,7.00000000e+00,2.30000000e+01,5.12260758e-01,4.78236740e-01
"2020-May-01",1.40700000e+03,6.08000000e+02,7.75000000e+02,3.69800000e+03,4.00000000e+00,2.40000000e+01,3.02467867e-01,4.72064893e-01
"2020-May-02",1.40800000e+03,6.19000000e+02,7.65000000e+02,1.45000000e+03,1.00000000e+00,2.40000000e+01,9.03331180e-02,4.75286545e-01
"2020-May-03",1.41300000e+03,6.43000000e+02,7.45000000e+02,1.58400000e+03,5.00000000e+00,2.50000000e+01,6.57272918e-01,4.86644978e-01
"2020-May-04",1.42100000e+03,7.41000000e+02,6.55000000e+02,2.06000000e+03,8.00000000e+00,2.50000000e+01,9.35168821e-01,5.04316401e-01
"2020-May-05",1.42900000e+03,7.62000000e+02,6.42000000e+02,4.74200000e+03,8.00000000e+00,2.50000000e+01,8.32207584e-01,5.26040786e-01
"2020-May-06",1.44500000e+03,8.06000000e+02,6.13000000e+02,5.16100000e+03,1.60000000e+01,2.60000000e+01,1.62010725e+00,5.49150516e-01
"2020-May-07",1.45500000e+03,9.05000000e+02,5.24000000e+02,4.69400000e+03,1.00000000e+01,2.60000000e+01,8.19984328e-01,5.71876670e-01
"2020-May-08",1.45500000e+03,9.19000000e+02,5.10000000e+02,3.91000000e+03,0.00000000e+00,2.60000000e+01,0.00000000e+00,5.92382459e-01
"2020-May-09",1.45700000e+03,9.41000000e+02,4.90000000e+02,1.48800000e+03,2.00000000e+00,2.60000000e+01,7.88177823e-01,6.08879301e-01
"2020-May-10",1.45700000e+03,9.59000000e+02,4.72000000e+02,7.86000000e+02,0.00000000e+00,2.60000000e+01,0.00000000e+00,6.20286603e-01
"2020-May-11",1.46500000e+03,9.83000000e+02,4.55000000e+02,2.06300000e+03,8.00000000e+00,2.70000000e+01,1.29912091e+01,6.27031796e-01
"2020-May-12",1.46900000e+03,1.06000000e+03,3.82000000e+02,4.32600000e+03,4.00000000e+00,2.70000000e+01,5.73440488e-01,6.30008916e-01
"2020-May-13",1.47700000e+03,1.11200000e+03,3.38000000e+02,4.87600000e+03,8.00000000e+00,2.70000000e+01,1.24833417e+00,6.30376712e-01
"2020-May-14",1.48000000e+03,1.13100000e+03,3.22000000e+02,3.99200000e+03,3.00000000e+00,2.70000000e+01,4.12561557e-01,6.28897249e-01
"2020-May-15",1.49300000e+03,1.15100000e+03,3.14000000e+02,4.08400000e+03,1.30000000e+01,2.80000000e+01,2.08969134e+00,6.26157958e-01
"2020-May-16",1.49400000e+03,1.16300000e+03,3.03000000e+02,2.47600000e+03,1.00000000e+00,2.80000000e+01,1.20155968e-01,6.22897072e-01
"2020-May-17",1.49500000e+03,1.18500000e+03,2.82000000e+02,9.71000000e+02,1.00000000e+00,2.80000000e+01,1.59697826e-01,6.19707455e-01
"2020-May-18",1.49500000e+03,1.19200000e+03,2.75000000e+02,2.04100000e+03,0.00000000e+00,2.80000000e+01,0.00000000e+00,6.16644251e-01
"2020-May-19",1.49600000e+03,1.23100000e+03,2.37000000e+02,3.37100000e+03,1.00000000e+00,2.80000000e+01,3.08877098e+00,6.13919259e-01
"2020-May-20",1.50200000e+03,1.24500000e+03,2.29000000e+02,2.93300000e+03,6.00000000e+00,2.80000000e+01,2.04895944e+00,6.11519243e-01
"2020-May-21",1.50300000e+03,1.25600000e+03,2.19000000e+02,2.75100000e+03,1.00000000e+00,2.80000000e+01,2.20544871e-01,6.09596349e-01
"2020-May-22",1.50400000e+03,1.28000000e+03,1.96000000e+02,2.23600000e+03,1.00000000e+00,2.80000000e+01,2.81537139e-01,6.08176167e-01
"2020-May-23",1.50900000e+03,1.30100000e+03,1.80000000e+02,1.64900000e+03,5.00000000e+00,2.80000000e+01,1.71411909e+00,6.06838205e-01
"2020-May-24",1.51100000e+03,1.30700000e+03,1.76000000e+02,6.45000000e+02,2.00000000e+00,2.80000000e+01,5.12950252e-01,6.05441702e-01
"2020-May-25",1.51300000e+03,1.32200000e+03,1.63000000e+02,1.46400000e+03,2.00000000e+00,2.80000000e+01,5.77599044e-01,6.04759415e-01
"2020-May-26",1.51500000e+03,1.32700000e+03,1.60000000e+02,2.83900000e+03,2.00000000e+00,2.80000000e+01,6.27236800e-01,6.05576810e-01
"2020-May-27",1.52000000e+03,1.33200000e+03,1.60000000e+02,2.35200000e+03,5.00000000e+00,2.80000000e+01,1.66619820e+00,6.08697145e-01
"2020-May-28",1.52000000e+03,1.33800000e+03,1.54000000e+02,1.84800000e+03,0.00000000e+00,2.80000000e+01,0.00000000e+00,6.15495904e-01
"2020-May-29",1.52100000e+03,1.35600000e+03,1.37000000e+02,3.43300000e+03,1.00000000e+00,2.80000000e+01,9.26085411e-01,6.27187958e-01
"2020-May-30",1.52100000e+03,1.36600000e+03,1.27000000e+02,1.60600000e+03,0.00000000e+00,2.80000000e+01,0.00000000e+00,6.45937116e-01
"2020-May-31",1.52200000e+03,1.36800000e+03,1.26000000e+02,2.74000000e+02,1.00000000e+00,2.80000000e+01,3.43839723e+00,6.73142243e-01
"2020-Jun-01",1.52200000e+03,1.37200000e+03,1.22000000e+02,6.41800000e+03,0.00000000e+00,2.80000000e+01,0.00000000e+00,7.09943107e-01
"2020-Jun-02",1.52500000e+03,1.37500000e+03,1.22000000e+02,2.33600000e+03,3.00000000e+00,2.80000000e+01,1.11318001e+01,7.57427919e-01
"2020-Jun-03",1.52600000e+03,1.37600000e+03,1.22000000e+02,2.13500000e+03,1.00000000e+00,2.80000000e+01,5.03419588e-01,8.15707037e-01
"2020-Jun-04",1.52600000e+03,1.37900000e+03,1.19000000e+02,1.83200000e+03,0.00000000e+00,2.80000000e+01,0.00000000e+00,8.82266239e-01
"2020-Jun-05",1.52800000e+03,1.37900000e+03,1.21000000e+02,2.63900000e+03,2.00000000e+00,2.80000000e+01,7.14173498e+00,9.53388264e-01
"2020-Jun-06",1.52800000e+03,1.38900000e+03,1.11000000e+02,1.18000000e+03,0.00000000e+00,2.80000000e+01,0.00000000e+00,1.02589892e+00
"2020-Jun-07",1.53000000e+03,1.39600000e+03,1.06000000e+02,1.60000000e+02,2.00000000e+00,2.80000000e+01,4.50159842e+00,1.09729221e+00
"2020-Jun-08",1.53100000e+03,1.40200000e+03,1.01000000e+02,8.51000000e+02,1.00000000e+00,2.80000000e+01,6.50402858e-01,1.16585798e+00
"2020-Jun-09",1.53300000e+03,1.40400000e+03,1.01000000e+02,1.54500000e+03,2.00000000e+00,2.80000000e+01,1.39882728e+00,1.22937629e+00
"2020-Jun-10",1.54100000e+03,1.40900000e+03,1.04000000e+02,1.50000000e+03,8.00000000e+00,2.80000000e+01,4.88446295e+00,1.28630080e+00
"2020-Jun-11",1.54200000e+03,1.40900000e+03,1.05000000e+02,1.26200000e+03,1.00000000e+00,2.80000000e+01,3.32098745e-01,1.33625507e+00
"2020-Jun-12",1.54500000e+03,1.41000000e+03,1.07000000e+02,1.51100000e+03,3.00000000e+00,2.80000000e+01,1.18982452e+00,1.37883620e+00
"2020-Jun-13",1.54800000e+03,1.41000000e+03,1.10000000e+02,4.79000000e+02,3.00000000e+00,2.80000000e+01,1.13463449e+00,1.41404081e+00
"2020-Jun-14",1.55200000e+03,1.41000000e+03,1.14000000e+02,4.70000000e+01,4.00000000e+00,2.80000000e+01,1.47237967e+00,1.44201555e+00
"2020-Jun-15",1.55200000e+03,1.42600000e+03,9.80000000e+01,8.47000000e+02,0.00000000e+00,2.80000000e+01,0.00000000e+00,1.46310093e+00
"2020-Jun-16",1.56100000e+03,1.43700000e+03,9.60000000e+01,1.16300000e+03,9.00000000e+00,2.80000000e+01,1.02607009e+01,1.47822188e+00
"2020-Jun-17",1.56200000e+03,1.44300000e+03,9.10000000e+01,7.87000000e+02,1.00000000e+00,2.80000000e+01,2.68125467e-01,1.48752952e+00
"2020-Jun-18",1.57600000e+03,1.44700000e+03,1.01000000e+02,8.06000000e+02,1.40000000e+01,2.80000000e+01,4.58154043e+00,1.49065168e+00
"2020-Jun-19",1.58600000e+03,1.44700000e+03,1.11000000e+02,1.27800000e+03,1.00000000e+01,2.80000000e+01,1.93473698e+00,1.48789355e+00
"2020-Jun-20",1.58700000e+03,1.44700000e+03,1.12000000e+02,3.01000000e+02,1.00000000e+00,2.80000000e+01,1.68878242e-01,1.48062775e+00
"2020-Jun-21",1.58800000e+03,1.44700000e+03,1.13000000e+02,4.10000000e+01,1.00000000e+00,2.80000000e+01,2.12286175e-01,1.47076894e+00
"2020-Jun-22",1.58900000e+03,1.44800000e+03,1.13000000e+02,6.61000000e+02,1.00000000e+00,2.80000000e+01,2.64998019e-01,1.45977811e+00
"2020-Jun-23",1.60700000e+03,1.44800000e+03,1.31000000e+02,1.25700000e+03,1.80000000e+01,2.80000000e+01,5.76263778e+00,1.44827918e+00
"2020-Jun-24",1.63000000e+03,1.45200000e+03,1.50000000e+02,9.36000000e+02,2.30000000e+01,2.80000000e+01,3.62399785e+00,1.43653774e+00
"2020-Jun-25",1.64300000e+03,1.45500000e+03,1.60000000e+02,1.51500000e+03,1.30000000e+01,2.80000000e+01,1.42905465e+00,1.42517241e+00
"2020-Jun-26",1.65700000e+03,1.45500000e+03,1.74000000e+02,1.61100000e+03,1.40000000e+01,2.80000000e+01,1.46646766e+00,1.41457935e+00
"2020-Jun-27",1.66400000e+03,1.46100000e+03,1.75000000e+02,9.31000000e+02,7.00000000e+00,2.80000000e+01,6.90105693e-01,1.40456741e+00
"2020-Jun-28",1.66500000e+03,1.46400000e+03,1.73000000e+02,6.20000000e+01,1.00000000e+00,2.80000000e+01,1.07544221e-01,1.39462490e+00
"2020-Jun-29",1.66700000e+03,1.46400000e+03,1.75000000e+02,7.84000000e+02,2.00000000e+00,2.80000000e+01,2.85976551e-01,1.38392983e+00
"2020-Jun-30",1.68700000e+03,1.46600000e+03,1.93000000e+02,2.06300000e+03,2.00000000e+01,2.80000000e+01,3.37390123e+00,1.37158485e+00
"2020-Jul-01",1.70000000e+03,1.46600000e+03,2.06000000e+02,1.70800000e+03,1.30000000e+01,2.80000000e+01,1.38987658e+00,1.35643395e+00
"2020-Jul-02",1.72000000e+03,1.46600000e+03,2.26000000e+02,1.80100000e+03,2.00000000e+01,2.80000000e+01,2.02444383e+00,1.33736874e+00
"2020-Jul-03",1.74900000e+03,1.46600000e+03,2.55000000e+02,2.21600000e+03,2.90000000e+01,2.80000000e+01,2.49424988e+00,1.31440643e+00
"2020-Jul-04",1.76400000e+03,1.46600000e+03,2.70000000e+02,8.08000000e+02,1.50000000e+01,2.80000000e+01,1.03317015e+00,1.28825181e+00
"2020-Jul-05",1.76500000e+03,1.46600000e+03,2.71000000e+02,5.00000000e+01,1.00000000e+00,2.80000000e+01,7.02029673e-02,1.25971264e+00
"2020-Jul-06",1.76700000e+03,1.47300000e+03,2.66000000e+02,8.73000000e+02,2.00000000e+00,2.80000000e+01,1.88685987e-01,1.22965123e+00
"2020-Jul-07",1.79800000e+03,1.47300000e+03,2.97000000e+02,2.22500000e+03,3.10000000e+01,2.80000000e+01,3.63602328e+00,1.19902510e+00
"2020-Jul-08",1.85100000e+03,1.47700000e+03,3.46000000e+02,2.28400000e+03,5.30000000e+01,2.80000000e+01,3.78714071e+00,1.16953356e+00
"2020-Jul-09",1.87000000e+03,1.48100000e+03,3.61000000e+02,2.17200000e+03,1.90000000e+01,2.80000000e+01,9.21926618e-01,1.14319360e+00
"2020-Jul-10",1.89300000e+03,1.49300000e+03,3.72000000e+02,2.87900000e+03,2.30000000e+01,2.80000000e+01,1.16421374e+00,1.12181541e+00
"2020-Jul-11",1.90100000e+03,1.49300000e+03,3.80000000e+02,9.60000000e+02,8.00000000e+00,2.80000000e+01,3.99889787e-01,1.10663614e+00
"2020-Jul-12",1.90200000e+03,1.49300000e+03,3.81000000e+02,2.79000000e+02,1.00000000e+00,2.80000000e+01,5.87071028e-02,1.09865787e+00
"2020-Jul-13",1.90800000e+03,1.49300000e+03,3.87000000e+02,1.16300000e+03,6.00000000e+00,2.80000000e+01,5.00915459e-01,1.09825756e+00
"2020-Jul-14",1.92700000e+03,1.50700000e+03,3.92000000e+02,2.20500000e+03,1.90000000e+01,2.80000000e+01,1.62778570e+00,1.10517225e+00
"2020-Jul-15",1.95100000e+03,1.51400000e+03,4.09000000e+02,2.33600000e+03,2.40000000e+01,2.80000000e+01,1.69306112e+00,1.11815736e+00
"2020-Jul-16",1.96500000e+03,1.52300000e+03,4.14000000e+02,1.86200000e+03,1.40000000e+01,2.80000000e+01,8.61074546e-01,1.13519684e+00
"2020-Jul-17",1.97600000e+03,1.52300000e+03,4.25000000e+02,2.16100000e+03,1.10000000e+01,2.80000000e+01,7.06496756e-01,1.15401594e+00
"2020-Jul-18",1.97900000e+03,1.53000000e+03,4.21000000e+02,4.10000000e+02,3.00000000e+00,2.80000000e+01,2.07362517e-01,1.17237239e+00
"2020-Jul-19",1.98000000e+03,1.53800000e+03,4.14000000e+02,2.40000000e+01,1.00000000e+00,2.80000000e+01,8.79590614e-02,1.18811139e+00
"2020-Jul-20",2.02100000e+03,1.53800000e+03,4.55000000e+02,3.33300000e+03,4.10000000e+01,2.80000000e+01,5.08635267e+00,1.19969258e+00
"2020-Jul-21",2.05800000e+03,1.55600000e+03,4.74000000e+02,2.57100000e+03,3.70000000e+01,2.80000000e+01,2.20685418e+00,1.20646021e+00
"2020-Jul-22",2.08900000e+03,1.55600000e+03,5.05000000e+02,2.25100000e+03,3.10000000e+01,2.80000000e+01,1.53034276e+00,1.20858574e+00
"2020-Jul-23",2.11800000e+03,1.57700000e+03,5.13000000e+02,2.04900000e+03,2.90000000e+01,2.80000000e+01,1.32840413e+00,1.20683853e+00
"2020-Jul-24",2.14100000e+03,1.57700000e+03,5.36000000e+02,2.27500000e+03,2.30000000e+01,2.80000000e+01,1.01021689e+00,1.20205589e+00
"2020-Jul-25",2.17900000e+03,1.58900000e+03,5.62000000e+02,7.67000000e+02,3.80000000e+01,2.80000000e+01,1.69591106e+00,1.19551276e+00
"2020-Jul-26",2.18100000e+03,1.61600000e+03,5.37000000e+02,2.16000000e+02,2.00000000e+00,2.80000000e+01,7.93977721e-02,1.18860201e+00
"2020-Jul-27",2.20400000e+03,1.64400000e+03,5.32000000e+02,1.54800000e+03,2.30000000e+01,2.80000000e+01,1.21530654e+00,1.18270249e+00
"2020-Jul-28",2.24500000e+03,1.66000000e+03,5.57000000e+02,2.29600000e+03,4.10000000e+01,2.80000000e+01,1.97358485e+00,1.17873927e+00
"2020-Jul-29",2.26500000e+03,1.67500000e+03,5.62000000e+02,1.85100000e+03,2.00000000e+01,2.80000000e+01,8.03988027e-01,1.17736010e+00
"2020-Jul-30",2.29200000e+03,1.69500000e+03,5.68000000e+02,2.17600000e+03,2.70000000e+01,2.90000000e+01,1.15230936e+00,1.17845843e+00
"2020-Jul-31",2.33700000e+03,1.74200000e+03,5.66000000e+02,2.88400000e+03,4.50000000e+01,2.90000000e+01,1.87150609e+00,1.18168702e+00
"2020-Aug-01",2.34400000e+03,1.74200000e+03,5.73000000e+02,5.85000000e+02,7.00000000e+00,2.90000000e+01,2.49815105e-01,1.18671126e+00
"2020-Aug-02",2.35400000e+03,1.74600000e+03,5.79000000e+02,7.66000000e+02,1.00000000e+01,2.90000000e+01,4.40436162e-01,1.19294912e+00
"2020-Aug-03",2.36800000e+03,1.77100000e+03,5.68000000e+02,1.32000000e+03,1.40000000e+01,2.90000000e+01,7.05010628e-01,1.20024319e+00
"2020-Aug-04",2.41700000e+03,1.77700000e+03,6.11000000e+02,2.53800000e+03,4.90000000e+01,2.90000000e+01,2.57912348e+00,1.20840572e+00
"2020-Aug-05",2.48000000e+03,1.82400000e+03,6.27000000e+02,2.66700000e+03,6.30000000e+01,2.90000000e+01,2.43717766e+00,1.21684247e+00
"2020-Aug-06",2.52300000e+03,1.84600000e+03,6.46000000e+02,2.47300000e+03,4.30000000e+01,3.10000000e+01,1.32412524e+00,1.22547457e+00
"2020-Aug-07",2.56600000e+03,1.86100000e+03,6.74000000e+02,3.09900000e+03,4.30000000e+01,3.10000000e+01,1.27451830e+00,1.23436468e+00
"2020-Aug-08",2.59600000e+03,1.86400000e+03,7.01000000e+02,1.06800000e+03,3.00000000e+01,3.10000000e+01,8.59360232e-01,1.24349880e+00
"2020-Aug-09",2.59900000e+03,1.86600000e+03,7.02000000e+02,5.64000000e+02,3.00000000e+00,3.10000000e+01,9.00323592e-02,1.25295716e+00
"2020-Aug-10",2.61500000e+03,1.87400000e+03,7.10000000e+02,1.45400000e+03,1.60000000e+01,3.10000000e+01,6.47535630e-01,1.26270149e+00
"2020-Aug-11",2.69000000e+03,1.88400000e+03,7.75000000e+02,3.13100000e+03,7.50000000e+01,3.10000000e+01,3.10999565e+00,1.27236198e+00
"2020-Aug-12",2.73900000e+03,1.93900000e+03,7.69000000e+02,2.74100000e+03,4.90000000e+01,3.10000000e+01,1.38228670e+00,1.28136908e+00
"2020-Aug-13",2.80100000e+03,1.94400000e+03,8.26000000e+02,2.73800000e+03,6.20000000e+01,3.10000000e+01,1.65832470e+00,1.28903648e+00
"2020-Aug-14",2.85500000e+03,1.96900000e+03,8.55000000e+02,3.23500000e+03,5.40000000e+01,3.10000000e+01,1.30108781e+00,1.29448376e+00
"2020-Aug-15",2.90200000e+03,1.96900000e+03,9.02000000e+02,2.01300000e+03,4.70000000e+01,3.10000000e+01,1.08946857e+00,1.29718766e+00
"2020-Aug-16",2.90700000e+03,1.96900000e+03,9.07000000e+02,4.81000000e+02,5.00000000e+00,3.10000000e+01,1.15768209e-01,1.29689712e+00
"2020-Aug-17",2.92200000e+03,1.98000000e+03,9.11000000e+02,1.58300000e+03,1.50000000e+01,3.10000000e+01,4.57428316e-01,1.29336356e+00
"2020-Aug-18",3.02200000e+03,1.99700000e+03,9.92000000e+02,3.68400000e+03,1.00000000e+02,3.30000000e+01,3.37915629e+00,1.28698420e+00
"2020-Aug-19",3.10200000e+03,2.01400000e+03,1.05500000e+03,3.43500000e+03,8.00000000e+01,3.30000000e+01,1.75865849e+00,1.27835479e+00
"2020-Aug-20",3.22500000e+03,2.04500000e+03,1.14700000e+03,3.24500000e+03,1.23000000e+02,3.30000000e+01,2.40688349e+00,1.26802550e+00
"2020-Aug-21",3.31600000e+03,2.14700000e+03,1.13600000e+03,3.83300000e+03,9.10000000e+01,3.30000000e+01,1.43990915e+00,1.25681977e+00
"2020-Aug-22",3.35600000e+03,2.14800000e+03,1.17500000e+03,1.72300000e+03,4.00000000e+01,3.30000000e+01,5.98989916e-01,1.24577280e+00
"2020-Aug-23",3.42400000e+03,2.15300000e+03,1.23800000e+03,9.29000000e+02,6.80000000e+01,3.30000000e+01,1.13504662e+00,1.23599316e+00
"2020-Aug-24",3.45200000e+03,2.16700000e+03,1.25200000e+03,2.10300000e+03,2.80000000e+01,3.30000000e+01,4.56979033e-01,1.22855109e+00
"2020-Aug-25",3.53600000e+03,2.19200000e+03,1.31100000e+03,4.09000000e+03,8.40000000e+01,3.30000000e+01,1.58435184e+00,1.22418631e+00
"2020-Aug-26",3.62600000e+03,2.20600000e+03,1.38700000e+03,3.63600000e+03,9.00000000e+01,3.30000000e+01,1.49036340e+00,1.22300140e+00
"2020-Aug-27",3.72800000e+03,2.22500000e+03,1.47000000e+03,4.36000000e+03,1.02000000e+02,3.30000000e+01,1.55237621e+00,1.22488487e+00
"2020-Aug-28",3.84200000e+03,2.25400000e+03,1.55500000e+03,4.45300000e+03,1.14000000e+02,3.30000000e+01,1.58597511e+00,1.22961699e+00
"2020-Aug-29",3.87600000e+03,2.27800000e+03,1.56500000e+03,1.95100000e+03,3.40000000e+01,3.30000000e+01,4.31489858e-01,1.23635875e+00
"2020-Aug-30",3.91700000e+03,2.37700000e+03,1.50700000e+03,5.88000000e+02,4.10000000e+01,3.30000000e+01,6.06282962e-01,1.24412754e+00
"2020-Aug-31",3.98900000e+03,2.47800000e+03,1.47800000e+03,2.76300000e+03,7.20000000e+01,3.30000000e+01,1.16676907e+00,1.25201055e+00
"2020-Sep-01",4.04200000e+03,2.52300000e+03,1.48600000e+03,2.42800000e+03,5.30000000e+01,3.30000000e+01,8.16906218e-01,1.25914576e+00
"2020-Sep-02",4.16300000e+03,2.61700000e+03,1.50900000e+03,3.51900000e+03,1.21000000e+02,3.70000000e+01,1.95031190e+00,1.26473031e+00
"2020-Sep-03",4.30000000e+03,2.69300000e+03,1.57000000e+03,4.77200000e+03,1.37000000e+02,3.70000000e+01,1.83704736e+00,1.26810720e+00
"2020-Sep-04",4.52600000e+03,2.79700000e+03,1.69200000e+03,5.94700000e+03,2.26000000e+02,3.70000000e+01,2.63996144e+00,1.26887777e+00
"2020-Sep-05",4.61400000e+03,2.80200000e+03,1.77500000e+03,2.46200000e+03,8.80000000e+01,3.70000000e+01,8.02026005e-01,1.26735042e+00
"2020-Sep-06",4.63600000e+03,2.83600000e+03,1.76300000e+03,9.22000000e+02,2.20000000e+01,3.70000000e+01,2.13980684e-01,1.26455332e+00
"2020-Sep-07",4.72700000e+03,2.91300000e+03,1.77700000e+03,2.89100000e+03,9.10000000e+01,3.70000000e+01,1.10840626e+00,1.26140343e+00
"2020-Sep-08",4.88800000e+03,2.94700000e+03,1.90400000e+03,5.30900000e+03,1.61000000e+02,3.70000000e+01,1.85855511e+00,1.25900341e+00
"2020-Sep-09",5.06600000e+03,3.00100000e+03,2.02800000e+03,5.02100000e+03,1.78000000e+02,3.70000000e+01,1.74803152e+00,1.25880092e+00
"2020-Sep-10",5.25200000e+03,3.08100000e+03,2.13400000e+03,4.26600000e+03,1.86000000e+02,3.70000000e+01,1.61779654e+00,1.26204457e+00
"2020-Sep-11",5.45300000e+03,3.11400000e+03,2.30100000e+03,6.19100000e+03,2.01000000e+02,3.80000000e+01,1.59115426e+00,1.26950049e+00
"2020-Sep-12",5.53200000e+03,3.12400000e+03,2.37000000e+03,3.08000000e+03,7.90000000e+01,3.80000000e+01,5.72433247e-01,1.28175952e+00
"2020-Sep-13",5.58000000e+03,3.12900000e+03,2.41300000e+03,1.42500000e+03,4.80000000e+01,3.80000000e+01,3.90363192e-01,1.29917163e+00
"2020-Sep-14",5.76800000e+03,3.21400000e+03,2.51600000e+03,4.32300000e+03,1.88000000e+02,3.80000000e+01,1.79746757e+00,1.32172780e+00
"2020-Sep-15",5.86000000e+03,3.22000000e+03,2.60200000e+03,3.23500000e+03,9.20000000e+01,3.80000000e+01,7.35961702e-01,1.34877038e+00
"2020-Sep-16",6.02100000e+03,3.28800000e+03,2.69400000e+03,4.02700000e+03,1.61000000e+02,3.90000000e+01,1.38500773e+00,1.37890860e+00
"2020-Sep-17",6.25600000e+03,3.39000000e+03,2.82700000e+03,5.54200000e+03,2.35000000e+02,3.90000000e+01,1.86931045e+00,1.41003928e+00
"2020-Sep-18",6.54600000e+03,3.51900000e+03,2.98800000e+03,5.75000000e+03,2.90000000e+02,3.90000000e+01,1.98451086e+00,1.43999407e+00
"2020-Sep-19",6.67700000e+03,3.54800000e+03,3.09000000e+03,3.44300000e+03,1.31000000e+02,3.90000000e+01,7.67457409e-01,1.46700762e+00
"2020-Sep-20",6.75600000e+03,3.57100000e+03,3.14600000e+03,1.95200000e+03,7.90000000e+01,3.90000000e+01,4.96809895e-01,1.48884680e+00
"2020-Sep-21",6.93100000e+03,3.66800000e+03,3.22300000e+03,2.66400000e+03,1.75000000e+02,4.00000000e+01,1.25561040e+00,1.50353835e+00
"2020-Sep-22",7.26900000e+03,3.88800000e+03,3.34000000e+03,6.23100000e+03,3.38000000e+02,4.10000000e+01,2.27494658e+00,1.51094066e+00
"2020-Sep-23",7.62900000e+03,3.97800000e+03,3.61000000e+03,5.21300000e+03,3.60000000e+02,4.10000000e+01,1.94706219e+00,1.51129144e+00
"2020-Sep-24",8.04800000e+03,4.03600000e+03,3.97100000e+03,5.54000000e+03,4.19000000e+02,4.10000000e+01,1.95918712e+00,1.50492949e+00
"2020-Sep-25",8.60000000e+03,4.09800000e+03,4.45800000e+03,6.48300000e+03,5.52000000e+02,4.40000000e+01,2.23706459e+00,1.49267401e+00
"2020-Sep-26",9.07800000e+03,4.17800000e+03,4.85600000e+03,5.65500000e+03,4.78000000e+02,4.40000000e+01,1.61605716e+00,1.47578920e+00
"2020-Sep-27",9.34300000e+03,4.21300000e+03,5.13000000e+03,5.65500000e+03,2.65000000e+02,4.40000000e+01,8.24746005e-01,1.45626383e+00
"2020-Sep-28",9.57400000e+03,4.32900000e+03,5.24500000e+03,2.56100000e+03,2.31000000e+02,4.50000000e+01,7.62556682e-01,1.43696579e+00
"2020-Sep-29",1.01410000e+04,4.39500000e+03,5.74600000e+03,7.35000000e+03,5.67000000e+02,4.80000000e+01,1.99710255e+00,1.41993186e+00
"2020-Sep-30",1.09380000e+04,4.62000000e+03,6.31800000e+03,9.17000000e+03,7.97000000e+02,4.80000000e+01,2.35810194e+00,1.40636591e+00
"2020-Oct-01",1.16170000e+04,4.75600000e+03,6.86100000e+03,7.82400000e+03,6.79000000e+02,5.40000000e+01,1.63546678e+00,1.39774921e+00
"2020-Oct-02",1.23210000e+04,4.78300000e+03,7.53800000e+03,9.49200000e+03,7.04000000e+02,5.40000000e+01,1.55412838e+00,1.39484819e+00
"2020-Oct-03",1.31390000e+04,4.82800000e+03,8.31100000e+03,8.56500000e+03,8.18000000e+02,5.50000000e+01,1.67309496e+00,1.39773724e+00
"2020-Oct-04",1.34920000e+04,4.56500000e+03,8.62700000e+03,3.38200000e+03,3.53000000e+02,5.50000000e+01,6.54929950e-01,1.40602952e+00
"2020-Oct-05",1.38120000e+04,5.02700000e+03,8.78500000e+03,3.75000000e+03,1.62000000e+02,5.50000000e+01,3.30843126e-01,1.41874694e+00
"2020-Oct-06",1.46890000e+04,5.20000000e+03,9.48900000e+03,8.67900000e+03,8.77000000e+02,5.50000000e+01,2.14943516e+00,1.43434458e+00
"2020-Oct-07",1.57260000e+04,5.35300000e+03,1.03730000e+04,9.51800000e+03,1.53000000e+02,5.70000000e+01,2.97278553e-01,1.45141164e+00
"2020-Oct-08",1.69100000e+04,5.45200000e+03,1.03730000e+04,1.14580000e+04,9.90000000e+01,5.70000000e+01,2.33854733e-01,1.46770405e+00
"2020-Oct-09",1.87970000e+04,5.55300000e+03,1.31830000e+04,1.11230000e+04,1.88700000e+03,6.10000000e+01,5.56613102e+00,1.48090736e+00
"2020-Oct-10",1.98510000e+04,5.63100000e+03,1.41590000e+04,8.95900000e+03,1.05400000e+03,6.10000000e+01,1.59774711e+00,1.48998209e+00
"2020-Oct-11",2.03550000e+04,6.03100000e+03,1.43240000e+04,3.99800000e+03,4.00000000e+02,6.10000000e+01,5.60810128e-01,1.49451421e+00
"2020-Oct-12",2.08860000e+04,6.38800000e+03,1.44370000e+04,5.05800000e+03,5.31000000e+02,6.10000000e+01,8.38089236e-01,1.49447234e+00
"2020-Oct-13",2.22960000e+04,6.70900000e+03,1.55210000e+04,1.02280000e+04,1.41000000e+03,6.60000000e+01,2.32144175e+00,1.49006202e+00
"2020-Oct-14",2.42250000e+04,6.92600000e+03,1.72990000e+04,1.25020000e+04,1.92900000e+03,7.10000000e+01,2.53574514e+00,1.48148358e+00
"2020-Oct-15",2.63000000e+04,7.18200000e+03,1.91180000e+04,1.40100000e+04,2.07500000e+03,7.10000000e+01,2.17283296e+00,1.46927274e+00
"2020-Oct-16",2.82680000e+04,7.29700000e+03,2.08890000e+04,1.19040000e+04,1.96800000e+03,8.20000000e+01,1.74434259e+00,1.45442314e+00
"2020-Oct-17",2.98350000e+04,7.35900000e+03,2.23880000e+04,1.08580000e+04,1.56700000e+03,8.80000000e+01,1.25528656e+00,1.43772914e+00
"2020-Oct-18",3.06950000e+04,7.53600000e+03,2.30670000e+04,5.02500000e+03,8.60000000e+02,9.20000000e+01,6.73962449e-01,1.41959268e+00
"2020-Oct-19",3.14000000e+04,8.00400000e+03,2.32980000e+04,5.94600000e+03,7.05000000e+02,9.80000000e+01,6.04923350e-01,1.40045319e+00
"2020-Oct-20",3.36020000e+04,8.40400000e+03,2.51000000e+04,1.38320000e+04,2.20200000e+03,9.80000000e+01,2.08769126e+00,1.38058759e+00
"2020-Oct-21",3.53300000e+04,8.76300000e+03,2.64520000e+04,9.36500000e+03,1.72800000e+03,1.15000000e+02,1.34016826e+00,1.36002485e+00
"2020-Oct-22",3.79110000e+04,8.85900000e+03,2.89180000e+04,1.33690000e+04,2.58100000e+03,1.34000000e+02,1.91379386e+00,1.33864406e+00
"2020-Oct-23",4.08010000e+04,9.92000000e+03,3.07220000e+04,1.35250000e+04,2.89000000e+03,1.59000000e+02,1.85686749e+00,1.31630522e+00
"2020-Oct-24",4.38430000e+04,9.96000000e+03,3.37240000e+04,1.60480000e+04,3.04200000e+03,1.59000000e+02,1.72247896e+00,1.29305338e+00
"2020-Oct-25",4.51550000e+04,1.01300000e+04,3.48600000e+04,6.17500000e+03,1.31200000e+03,1.65000000e+02,6.70461912e-01,1.26889289e+00
"2020-Oct-26",4.60560000e+04,1.10080000e+04,3.48720000e+04,5.89900000e+03,9.01000000e+02,1.76000000e+02,5.05627270e-01,1.24356493e+00
"2020-Oct-27",4.89430000e+04,1.17990000e+04,3.69600000e+04,1.46420000e+04,2.88700000e+03,1.84000000e+02,1.84241531e+00,1.21629349e+00
"2020-Oct-28",5.17280000e+04,1.22270000e+04,3.93010000e+04,1.43550000e+04,2.78500000e+03,2.00000000e+02,1.50501342e+00,1.18762199e+00
"2020-Oct-29",5.50910000e+04,1.25080000e+04,4.23710000e+04,1.65560000e+04,3.36300000e+03,2.12000000e+02,1.68158819e+00,1.15750382e+00
"2020-Oct-30",5.76640000e+04,1.26170000e+04,4.48280000e+04,1.80740000e+04,2.57300000e+03,2.19000000e+02,1.15839066e+00,1.12592842e+00
"2020-Oct-31",5.99460000e+04,1.27980000e+04,4.69290000e+04,2.19490000e+04,2.28200000e+03,2.19000000e+02,1.01834005e+00,1.09255651e+00
"2020-Nov-01",6.18290000e+04,1.30120000e+04,4.85980000e+04,2.14770000e+04,1.88300000e+03,2.19000000e+02,8.52106984e-01,1.05743613e+00
"2020-Nov-02",6.35560000e+04,1.42570000e+04,4.90640000e+04,1.89940000e+04,1.72700000e+03,2.35000000e+02,8.17757049e-01,1.02558746e+00
"2020-Nov-03",6.67720000e+04,1.54740000e+04,5.10370000e+04,1.33770000e+04,3.21600000e+03,2.61000000e+02,1.59718082e+00,9.93233246e-01
"2020-Nov-04",6.87340000e+04,1.64260000e+04,5.20220000e+04,1.28640000e+04,1.96200000e+03,2.86000000e+02,8.68271336e-01,9.57251204e-01
"2020-Nov-05",7.10880000e+04,1.69900000e+04,5.37810000e+04,1.16150000e+04,2.35400000e+03,3.17000000e+02,1.08912918e+00,9.24035950e-01
"2020-Nov-06",7.36670000e+04,1.83540000e+04,5.49620000e+04,1.57670000e+04,2.57900000e+03,3.51000000e+02,1.17957494e+00,8.94479898e-01
"2020-Nov-07",7.54950000e+04,1.94810000e+04,5.56630000e+04,1.54660000e+04,1.82800000e+03,3.51000000e+02,8.12657471e-01,8.62772253e-01
"2020-Nov-08",7.60720000e+04,1.97570000e+04,5.59490000e+04,4.95600000e+03,5.77000000e+02,3.66000000e+02,2.70554137e-01,8.54814837e-01