"Variables ->","Q_025","Q_05","Q_10","Q_15","Q_20","Q_25","Q_30","Q_35","Q_40","Q_45","Q_50","Q_55","Q_60","Q_65","Q_70","Q_75","Q_80","Q_85","Q_90","Q_95","Q_975","median","mean","std"
"Comments ->","","","","","","","","","","","","","","","","","","","","","","","",""
"Class[Size] ->","tseries[219-by-1]","tseries[219-by-1]","tseries[219-by-1]","tseries[219-by-1]","tseries[219-by-1]","tseries[219-by-1]","tseries[219-by-1]","tseries[219-by-1]","tseries[219-by-1]","tseries[219-by-1]","tseries[219-by-1]","tseries[219-by-1]","tseries[219-by-1]","tseries[219-by-1]","tseries[219-by-1]","tseries[219-by-1]","tseries[219-by-1]","tseries[219-by-1]","tseries[219-by-1]","tseries[219-by-1]","tseries[219-by-1]","tseries[219-by-1]","tseries[219-by-1]","tseries[219-by-1]"
"2020-Jul-26",6.89292106e+00,7.07502553e+00,7.28897307e+00,7.43575455e+00,7.55381745e+00,7.65610126e+00,7.74874226e+00,7.83525478e+00,7.91794152e+00,7.99849467e+00,8.07830282e+00,8.15864020e+00,8.24081524e+00,8.32632677e+00,8.41707956e+00,8.51575086e+00,8.62652622e+00,8.75684949e+00,8.92266967e+00,9.17223805e+00,9.39239492e+00,8.07830282e+00,8.09505659e+00,6.37979834e-01
"2020-Jul-27",4.04624927e+00,4.15845633e+00,4.29040666e+00,4.38100670e+00,4.45392257e+00,4.51712294e+00,4.57438841e+00,4.62788526e+00,4.67903380e+00,4.72887869e+00,4.77827807e+00,4.82802035e+00,4.87891614e+00,4.93189500e+00,4.98813930e+00,5.04931206e+00,5.11801446e+00,5.19887429e+00,5.30181016e+00,5.45684022e+00,5.59370211e+00,4.77827807e+00,4.78913339e+00,3.95001065e-01
"2020-Jul-28",3.03426686e+00,3.11550993e+00,3.21098336e+00,3.27649865e+00,3.32920382e+00,3.37487078e+00,3.41623706e+00,3.45487070e+00,3.49179929e+00,3.52777818e+00,3.56342735e+00,3.59931593e+00,3.63602851e+00,3.67423497e+00,3.71478678e+00,3.75888099e+00,3.80838928e+00,3.86664067e+00,3.94076847e+00,4.05235564e+00,4.15081232e+00,3.56342735e+00,3.57100624e+00,2.84997324e-01
"2020-Jul-29",2.11862115e+00,2.17716077e+00,2.24599578e+00,2.29325650e+00,2.33129074e+00,2.36425603e+00,2.39412475e+00,2.42202703e+00,2.44870382e+00,2.47470004e+00,2.50046329e+00,2.52640477e+00,2.55294720e+00,2.58057530e+00,2.60990559e+00,2.64180514e+00,2.67763013e+00,2.71979329e+00,2.77346562e+00,2.85429646e+00,2.92565059e+00,2.50046329e+00,2.50610541e+00,2.06000595e-01
"2020-Jul-30",1.69412361e+00,1.74027297e+00,1.79452365e+00,1.83176203e+00,1.86172541e+00,1.88769182e+00,1.91121626e+00,1.93318955e+00,1.95419561e+00,1.97466382e+00,1.99494670e+00,2.01536803e+00,2.03626052e+00,2.05800557e+00,2.08108812e+00,2.10619009e+00,2.13437792e+00,2.16754861e+00,2.20976752e+00,2.27333655e+00,2.32944026e+00,1.99494670e+00,1.99932948e+00,1.62167035e-01
"2020-Jul-31",1.45433039e+00,1.49300884e+00,1.53845635e+00,1.56963961e+00,1.59472366e+00,1.61645661e+00,1.63614176e+00,1.65452558e+00,1.67209724e+00,1.68921624e+00,1.70617763e+00,1.72325220e+00,1.74071807e+00,1.75889386e+00,1.77818454e+00,1.79915937e+00,1.82270837e+00,1.85041450e+00,1.88566950e+00,1.93873509e+00,1.98555164e+00,1.70617763e+00,1.70976069e+00,1.35592843e-01
"2020-Aug-01",1.30391991e+00,1.33803165e+00,1.37810089e+00,1.40558650e+00,1.42769188e+00,1.44684110e+00,1.46418364e+00,1.48037775e+00,1.49585467e+00,1.51093127e+00,1.52586751e+00,1.54090188e+00,1.55627922e+00,1.57227993e+00,1.58926027e+00,1.60772097e+00,1.62844473e+00,1.65282346e+00,1.68383930e+00,1.73051349e+00,1.77168108e+00,1.52586751e+00,1.52897406e+00,1.19392815e-01
"2020-Aug-02",1.07855750e+00,1.10804188e+00,1.14270447e+00,1.16649876e+00,1.18564532e+00,1.20223840e+00,1.21727146e+00,1.23131364e+00,1.24473806e+00,1.25781904e+00,1.27078189e+00,1.28383352e+00,1.29718657e+00,1.31108484e+00,1.32583831e+00,1.34188293e+00,1.35990044e+00,1.38110362e+00,1.40809155e+00,1.44872932e+00,1.48459668e+00,1.27078189e+00,1.27359225e+00,1.03643467e-01
"2020-Aug-03",8.10544514e-01,8.35164782e-01,8.64171299e-01,8.84120474e-01,9.00194456e-01,9.14139840e-01,9.26785985e-01,9.38608589e-01,9.49919949e-01,9.60950155e-01,9.71888625e-01,9.82909810e-01,9.94193511e-01,1.00594637e+00,1.01843171e+00,1.03202035e+00,1.04729290e+00,1.06528306e+00,1.08820774e+00,1.12278116e+00,1.15334807e+00,9.71888625e-01,9.74507012e-01,8.75133131e-02
"2020-Aug-04",9.70446969e-01,9.96790538e-01,1.02775652e+00,1.04901073e+00,1.06611193e+00,1.08093142e+00,1.09435682e+00,1.10689666e+00,1.11888422e+00,1.13056456e+00,1.14213888e+00,1.15379195e+00,1.16571361e+00,1.17812148e+00,1.19129222e+00,1.20561488e+00,1.22169783e+00,1.24062325e+00,1.26471022e+00,1.30097618e+00,1.33298147e+00,1.14213888e+00,1.14463166e+00,9.25379854e-02
"2020-Aug-05",1.17566627e+00,1.20419268e+00,1.23765609e+00,1.26058332e+00,1.27900713e+00,1.29495623e+00,1.30939202e+00,1.32286467e+00,1.33573426e+00,1.34826506e+00,1.36067354e+00,1.37315793e+00,1.38592138e+00,1.39919617e+00,1.41327705e+00,1.42857784e+00,1.44574500e+00,1.46592748e+00,1.49158573e+00,1.53015888e+00,1.56414395e+00,1.36067354e+00,1.36307680e+00,9.91492480e-02
"2020-Aug-06",1.12778412e+00,1.15530328e+00,1.18758827e+00,1.20971000e+00,1.22748761e+00,1.24287807e+00,1.25680882e+00,1.26981062e+00,1.28223090e+00,1.29432463e+00,1.30630069e+00,1.31835042e+00,1.33066989e+00,1.34348334e+00,1.35707532e+00,1.37184541e+00,1.38841778e+00,1.40790187e+00,1.43267357e+00,1.46991665e+00,1.50273246e+00,1.30630069e+00,1.30863263e+00,9.56966957e-02
"2020-Aug-07",1.33124250e+00,1.36084153e+00,1.39551322e+00,1.41923822e+00,1.43828590e+00,1.45476298e+00,1.46966716e+00,1.48356894e+00,1.49684136e+00,1.50975782e+00,1.52254188e+00,1.53539793e+00,1.54853496e+00,1.56219155e+00,1.57667002e+00,1.59239433e+00,1.61002629e+00,1.63074144e+00,1.65705583e+00,1.69657238e+00,1.73134719e+00,1.52254188e+00,1.52482053e+00,1.02109535e-01
"2020-Aug-08",1.44538052e+00,1.47609691e+00,1.51205236e+00,1.53664069e+00,1.55637284e+00,1.57343594e+00,1.58886542e+00,1.60325314e+00,1.61698593e+00,1.63034710e+00,1.64356815e+00,1.65686049e+00,1.67044015e+00,1.68455347e+00,1.69951242e+00,1.71575427e+00,1.73396131e+00,1.75534516e+00,1.78249839e+00,1.82325289e+00,1.85909619e+00,1.64356815e+00,1.64582524e+00,1.05579739e-01
"2020-Aug-09",1.37448763e+00,1.40441798e+00,1.43946637e+00,1.46344226e+00,1.48268744e+00,1.49933259e+00,1.51438663e+00,1.52842635e+00,1.54182885e+00,1.55487038e+00,1.56777681e+00,1.58075447e+00,1.59401431e+00,1.60779703e+00,1.62240751e+00,1.63827324e+00,1.65606139e+00,1.67695689e+00,1.70349555e+00,1.74333898e+00,1.77839193e+00,1.56777681e+00,1.57003203e+00,1.03077652e-01
"2020-Aug-10",1.15614178e+00,1.18343968e+00,1.21544716e+00,1.23736794e+00,1.25497788e+00,1.27021885e+00,1.28401087e+00,1.29688033e+00,1.30917162e+00,1.32113739e+00,1.33298449e+00,1.34490220e+00,1.35708442e+00,1.36975268e+00,1.38318800e+00,1.39778478e+00,1.41415896e+00,1.43340509e+00,1.45786668e+00,1.49462804e+00,1.52700449e+00,1.33298449e+00,1.33522037e+00,9.46512624e-02
"2020-Aug-11",1.20573820e+00,1.23334021e+00,1.26568775e+00,1.28783148e+00,1.30561484e+00,1.32100190e+00,1.33492299e+00,1.34791023e+00,1.36031166e+00,1.37238249e+00,1.38433151e+00,1.39634970e+00,1.40863250e+00,1.42140313e+00,1.43494456e+00,1.44965381e+00,1.46615071e+00,1.48553652e+00,1.51016867e+00,1.54717208e+00,1.57974797e+00,1.38433151e+00,1.38652129e+00,9.54520620e-02
"2020-Aug-12",1.20051414e+00,1.22759305e+00,1.25931999e+00,1.28103433e+00,1.29847025e+00,1.31355484e+00,1.32720084e+00,1.33993023e+00,1.35208437e+00,1.36391349e+00,1.37562229e+00,1.38739791e+00,1.39943185e+00,1.41194270e+00,1.42520754e+00,1.43961506e+00,1.45577198e+00,1.47475617e+00,1.49887481e+00,1.53510027e+00,1.56698496e+00,1.37562229e+00,1.37773805e+00,9.35269529e-02
"2020-Aug-13",1.24939625e+00,1.27635901e+00,1.30792798e+00,1.32952104e+00,1.34685204e+00,1.36184056e+00,1.37539548e+00,1.38803641e+00,1.40010296e+00,1.41184396e+00,1.42346277e+00,1.43514516e+00,1.44708101e+00,1.45948693e+00,1.47263727e+00,1.48691667e+00,1.50292537e+00,1.52172934e+00,1.54560978e+00,1.58145854e+00,1.61299346e+00,1.42346277e+00,1.42547565e+00,9.27905613e-02
"2020-Aug-14",1.30944655e+00,1.33630309e+00,1.36772379e+00,1.38920103e+00,1.40643084e+00,1.42132604e+00,1.43479203e+00,1.44734617e+00,1.45932648e+00,1.47098041e+00,1.48251003e+00,1.49409975e+00,1.50593786e+00,1.51823894e+00,1.53127460e+00,1.54542539e+00,1.56128490e+00,1.57990701e+00,1.60354639e+00,1.63901255e+00,1.67019096e+00,1.48251003e+00,1.48441269e+00,9.20593670e-02
"2020-Aug-15",1.47392205e+00,1.50177485e+00,1.53432378e+00,1.55654973e+00,1.57436730e+00,1.58976158e+00,1.60367164e+00,1.61663380e+00,1.62899815e+00,1.64102073e+00,1.65291036e+00,1.66485728e+00,1.67705546e+00,1.68972564e+00,1.70314688e+00,1.71770984e+00,1.73402350e+00,1.75316852e+00,1.77745588e+00,1.81386188e+00,1.84583533e+00,1.65291036e+00,1.65472440e+00,9.49049529e-02
"2020-Aug-16",1.36854785e+00,1.39491279e+00,1.42573106e+00,1.44678009e+00,1.46365695e+00,1.47824043e+00,1.49141940e+00,1.50370158e+00,1.51541847e+00,1.52681256e+00,1.53808166e+00,1.54940608e+00,1.56096970e+00,1.57298187e+00,1.58570729e+00,1.59951663e+00,1.61498777e+00,1.63314629e+00,1.65618561e+00,1.69072786e+00,1.72107125e+00,1.53808166e+00,1.53983310e+00,8.99580105e-02
"2020-Aug-17",1.04341426e+00,1.06608390e+00,1.09262907e+00,1.11078753e+00,1.12536280e+00,1.13796873e+00,1.14936947e+00,1.16000190e+00,1.17015162e+00,1.18002787e+00,1.18980168e+00,1.19962931e+00,1.20967052e+00,1.22010756e+00,1.23117128e+00,1.24318538e+00,1.25665501e+00,1.27247734e+00,1.29257235e+00,1.32274090e+00,1.34928143e+00,1.18980168e+00,1.19150583e+00,7.80581422e-02
"2020-Aug-18",1.25645153e+00,1.28105552e+00,1.30982189e+00,1.32947336e+00,1.34523193e+00,1.35885064e+00,1.37115901e+00,1.38263086e+00,1.39357566e+00,1.40421977e+00,1.41474795e+00,1.42532863e+00,1.43613363e+00,1.44735864e+00,1.45925114e+00,1.47215772e+00,1.48661881e+00,1.50359366e+00,1.52513391e+00,1.55743428e+00,1.58581378e+00,1.41474795e+00,1.41641006e+00,8.40484738e-02
"2020-Aug-19",1.30307260e+00,1.32778199e+00,1.35665885e+00,1.37637814e+00,1.39218669e+00,1.40584552e+00,1.41818772e+00,1.42968906e+00,1.44066016e+00,1.45132818e+00,1.46187840e+00,1.47247962e+00,1.48330398e+00,1.49454736e+00,1.50645741e+00,1.51938087e+00,1.53385821e+00,1.55084859e+00,1.57240314e+00,1.60471390e+00,1.63309186e+00,1.46187840e+00,1.46349342e+00,8.42145828e-02
"2020-Aug-20",1.55732492e+00,1.58384933e+00,1.61480479e+00,1.63591788e+00,1.65282915e+00,1.66743042e+00,1.68061611e+00,1.69289664e+00,1.70460494e+00,1.71598418e+00,1.72723237e+00,1.73852962e+00,1.75005918e+00,1.76202931e+00,1.77470286e+00,1.78844748e+00,1.80383583e+00,1.82188355e+00,1.84476144e+00,1.87901901e+00,1.90907123e+00,1.72723237e+00,1.72878539e+00,8.97540654e-02
"2020-Aug-21",1.67164382e+00,1.69850341e+00,1.72982854e+00,1.75118079e+00,1.76827621e+00,1.78303124e+00,1.79635167e+00,1.80875424e+00,1.82057581e+00,1.83206229e+00,1.84341376e+00,1.85481203e+00,1.86644192e+00,1.87851328e+00,1.89129080e+00,1.90514447e+00,1.92065040e+00,1.93883002e+00,1.96186595e+00,1.99634142e+00,2.02656670e+00,1.84341376e+00,1.84489539e+00,9.05623531e-02
"2020-Aug-22",1.75056059e+00,1.77753064e+00,1.80896978e+00,1.83039081e+00,1.84753619e+00,1.86233074e+00,1.87568402e+00,1.88811478e+00,1.89996111e+00,1.91146968e+00,1.92284110e+00,1.93425753e+00,1.94590405e+00,1.95799065e+00,1.97078208e+00,1.98464828e+00,2.00016513e+00,2.01835340e+00,2.04139398e+00,2.07586347e+00,2.10607103e+00,1.92284110e+00,1.92426629e+00,9.07107830e-02
"2020-Aug-23",1.90975142e+00,1.93752479e+00,1.96988047e+00,1.99191398e+00,2.00954270e+00,2.02474948e+00,2.03847102e+00,2.05124139e+00,2.06340852e+00,2.07522610e+00,2.08690031e+00,2.09861823e+00,2.11056975e+00,2.12297015e+00,2.13609069e+00,2.15031023e+00,2.16621828e+00,2.18485955e+00,2.20846547e+00,2.24376333e+00,2.27468004e+00,2.08690031e+00,2.08828404e+00,9.31119830e-02
"2020-Aug-24",1.57703665e+00,1.60188324e+00,1.63085425e+00,1.65059797e+00,1.66640330e+00,1.68004330e+00,1.69235588e+00,1.70381900e+00,1.71474421e+00,1.72535888e+00,1.73584797e+00,1.74637949e+00,1.75712419e+00,1.76827587e+00,1.78007895e+00,1.79287500e+00,1.80719581e+00,1.82398416e+00,1.84525441e+00,1.87708174e+00,1.90497992e+00,1.73584797e+00,1.73719132e+00,8.36775615e-02
"2020-Aug-25",1.53180882e+00,1.55582740e+00,1.58383146e+00,1.60291529e+00,1.61819185e+00,1.63137515e+00,1.64327518e+00,1.65435398e+00,1.66491269e+00,1.67517108e+00,1.68530791e+00,1.69548555e+00,1.70586902e+00,1.71664558e+00,1.72805140e+00,1.74041651e+00,1.75425473e+00,1.77047689e+00,1.79102918e+00,1.82178087e+00,1.84873494e+00,1.68530791e+00,1.68660014e+00,8.08662874e-02
"2020-Aug-26",1.33531814e+00,1.35713148e+00,1.38257625e+00,1.39992317e+00,1.41381345e+00,1.42580332e+00,1.43662836e+00,1.44670827e+00,1.45631669e+00,1.46565339e+00,1.47488096e+00,1.48414719e+00,1.49360235e+00,1.50341708e+00,1.51380669e+00,1.52507218e+00,1.53768226e+00,1.55246806e+00,1.57120566e+00,1.59925252e+00,1.62384582e+00,1.47488096e+00,1.47610475e+00,7.36214135e-02
"2020-Aug-27",1.28385817e+00,1.30453875e+00,1.32865826e+00,1.34509934e+00,1.35826292e+00,1.36962457e+00,1.37988167e+00,1.38943211e+00,1.39853526e+00,1.40738047e+00,1.41612180e+00,1.42489925e+00,1.43385516e+00,1.44315113e+00,1.45299100e+00,1.46365973e+00,1.47560102e+00,1.48960153e+00,1.50734229e+00,1.53389364e+00,1.55717229e+00,1.41612180e+00,1.41726551e+00,6.97390767e-02
"2020-Aug-28",1.41200384e+00,1.43288507e+00,1.45721572e+00,1.47378693e+00,1.48704681e+00,1.49848600e+00,1.50880875e+00,1.51841662e+00,1.52757124e+00,1.53646343e+00,1.54524828e+00,1.55406655e+00,1.56306117e+00,1.57239420e+00,1.58226987e+00,1.59297349e+00,1.60494901e+00,1.61898328e+00,1.63675706e+00,1.66333786e+00,1.68662309e+00,1.54524828e+00,1.54630654e+00,7.00698376e-02
"2020-Aug-29",1.21551185e+00,1.23417424e+00,1.25592827e+00,1.27074987e+00,1.28261278e+00,1.29284895e+00,1.30208777e+00,1.31068818e+00,1.31888413e+00,1.32684630e+00,1.33471346e+00,1.34261167e+00,1.35066895e+00,1.35903058e+00,1.36787969e+00,1.37747218e+00,1.38820640e+00,1.40078843e+00,1.41672676e+00,1.44057033e+00,1.46146511e+00,1.33471346e+00,1.33569619e+00,6.27564813e-02
"2020-Aug-30",1.17926965e+00,1.19711195e+00,1.21790673e+00,1.23207277e+00,1.24340984e+00,1.25319147e+00,1.26201940e+00,1.27023678e+00,1.27806724e+00,1.28567390e+00,1.29318939e+00,1.30073410e+00,1.30843035e+00,1.31641685e+00,1.32486847e+00,1.33402951e+00,1.34428022e+00,1.35629458e+00,1.37151241e+00,1.39427521e+00,1.41422008e+00,1.29318939e+00,1.29411496e+00,5.99487178e-02
"2020-Aug-31",1.09801403e+00,1.11485315e+00,1.13448162e+00,1.14785487e+00,1.15855846e+00,1.16779424e+00,1.17613008e+00,1.18388988e+00,1.19128470e+00,1.19846857e+00,1.20556669e+00,1.21269278e+00,1.21996237e+00,1.22750652e+00,1.23549045e+00,1.24414504e+00,1.25382968e+00,1.26518138e+00,1.27956109e+00,1.30107275e+00,1.31992381e+00,1.20556669e+00,1.20645237e+00,5.66216151e-02
"2020-Sep-01",1.22264689e+00,1.24016341e+00,1.26056680e+00,1.27445917e+00,1.28557319e+00,1.29515953e+00,1.30380898e+00,1.31185834e+00,1.31952702e+00,1.32697497e+00,1.33433216e+00,1.34171650e+00,1.34924764e+00,1.35706121e+00,1.36532808e+00,1.37428685e+00,1.38430877e+00,1.39605171e+00,1.41092076e+00,1.43315164e+00,1.45262058e+00,1.33433216e+00,1.33519164e+00,5.86777735e-02
"2020-Sep-02",1.31863907e+00,1.33660088e+00,1.35751245e+00,1.37174448e+00,1.38312660e+00,1.39294163e+00,1.40179540e+00,1.41003323e+00,1.41787994e+00,1.42549941e+00,1.43302469e+00,1.44057641e+00,1.44827690e+00,1.45626474e+00,1.46471441e+00,1.47386946e+00,1.48410874e+00,1.49610342e+00,1.51128673e+00,1.53397826e+00,1.55384173e+00,1.43302469e+00,1.43386181e+00,6.00110005e-02
"2020-Sep-03",1.38370157e+00,1.40187108e+00,1.42301707e+00,1.43740419e+00,1.44890777e+00,1.45882575e+00,1.46777097e+00,1.47609269e+00,1.48401825e+00,1.49171330e+00,1.49931229e+00,1.50693704e+00,1.51471105e+00,1.52277413e+00,1.53130228e+00,1.54054109e+00,1.55087249e+00,1.56297302e+00,1.57828713e+00,1.60116766e+00,1.62119032e+00,1.49931229e+00,1.50012805e+00,6.05936493e-02
"2020-Sep-04",1.63397140e+00,1.65350539e+00,1.67622031e+00,1.69166338e+00,1.70400470e+00,1.71464030e+00,1.72422911e+00,1.73314647e+00,1.74163659e+00,1.74987725e+00,1.75801261e+00,1.76617314e+00,1.77449096e+00,1.78311547e+00,1.79223456e+00,1.80211027e+00,1.81314986e+00,1.82607450e+00,1.84242344e+00,1.86683337e+00,1.88817828e+00,1.75801261e+00,1.75880977e+00,6.48576215e-02
"2020-Sep-05",1.86380831e+00,1.88447900e+00,1.90850089e+00,1.92482358e+00,1.93786272e+00,1.94909608e+00,1.95922098e+00,1.96863450e+00,1.97759488e+00,1.98629001e+00,1.99487214e+00,2.00347895e+00,2.01224973e+00,2.02134188e+00,2.03095319e+00,2.04135939e+00,2.05298886e+00,2.06659995e+00,2.08381085e+00,2.10949471e+00,2.13194102e+00,1.99487214e+00,1.99565376e+00,6.84095083e-02
"2020-Sep-06",2.01503356e+00,2.03631924e+00,2.06104653e+00,2.07784292e+00,2.09125725e+00,2.10281156e+00,2.11322396e+00,2.12290328e+00,2.13211533e+00,2.14105343e+00,2.14987419e+00,2.15871914e+00,2.16773140e+00,2.17707258e+00,2.18694576e+00,2.19763385e+00,2.20957640e+00,2.22355129e+00,2.24121820e+00,2.26757437e+00,2.29060034e+00,2.14987419e+00,2.15064025e+00,7.03055302e-02
"2020-Sep-07",1.96770158e+00,1.98845321e+00,2.01255981e+00,2.02893440e+00,2.04201176e+00,2.05327576e+00,2.06342647e+00,2.07286248e+00,2.08184292e+00,2.09055627e+00,2.09915519e+00,2.10777765e+00,2.11656316e+00,2.12566930e+00,2.13529398e+00,2.14571304e+00,2.15735489e+00,2.17097784e+00,2.18819970e+00,2.21389167e+00,2.23633710e+00,2.09915519e+00,2.09990078e+00,6.85371324e-02
"2020-Sep-08",1.90184144e+00,1.92187800e+00,1.94515374e+00,1.96096385e+00,1.97359034e+00,1.98446594e+00,1.99426661e+00,2.00337719e+00,2.01204789e+00,2.02046069e+00,2.02876297e+00,2.03708797e+00,2.04557038e+00,2.05436231e+00,2.06365488e+00,2.07371438e+00,2.08495444e+00,2.09810716e+00,2.11473451e+00,2.13953939e+00,2.16120969e+00,2.02876297e+00,2.02948213e+00,6.61727581e-02
"2020-Sep-09",1.81397387e+00,1.83306518e+00,1.85524270e+00,1.87030674e+00,1.88233732e+00,1.89269961e+00,1.90203768e+00,1.91071820e+00,1.91897958e+00,1.92699521e+00,1.93490552e+00,1.94283745e+00,1.95091933e+00,1.95929610e+00,1.96814985e+00,1.97773427e+00,1.98844347e+00,2.00097495e+00,2.01681685e+00,2.04044987e+00,2.06109624e+00,1.93490552e+00,1.93559004e+00,6.30484478e-02
"2020-Sep-10",1.70249532e+00,1.72038103e+00,1.74115777e+00,1.75527017e+00,1.76654064e+00,1.77624815e+00,1.78499611e+00,1.79312803e+00,1.80086726e+00,1.80837623e+00,1.81578650e+00,1.82321699e+00,1.83078792e+00,1.83863506e+00,1.84692896e+00,1.85590729e+00,1.86593922e+00,1.87767809e+00,1.89251790e+00,1.91465572e+00,1.93399562e+00,1.81578650e+00,1.81642662e+00,5.90627611e-02
"2020-Sep-11",1.57928532e+00,1.59581926e+00,1.61502521e+00,1.62807037e+00,1.63848835e+00,1.64746148e+00,1.65554754e+00,1.66306410e+00,1.67021760e+00,1.67715821e+00,1.68400753e+00,1.69087547e+00,1.69787316e+00,1.70512607e+00,1.71279184e+00,1.72109012e+00,1.73036208e+00,1.74121154e+00,1.75492677e+00,1.77538653e+00,1.79326003e+00,1.68400753e+00,1.68459719e+00,5.45914151e-02
"2020-Sep-12",1.46659149e+00,1.48184794e+00,1.49956912e+00,1.51160527e+00,1.52121716e+00,1.52949578e+00,1.53695583e+00,1.54389034e+00,1.55048978e+00,1.55689270e+00,1.56321130e+00,1.56954698e+00,1.57600223e+00,1.58269280e+00,1.58976410e+00,1.59741871e+00,1.60597130e+00,1.61597877e+00,1.62862923e+00,1.64749987e+00,1.66398441e+00,1.56321130e+00,1.56375190e+00,5.03608434e-02
"2020-Sep-13",1.38182708e+00,1.39604651e+00,1.41256182e+00,1.42377815e+00,1.43273488e+00,1.44044890e+00,1.44739992e+00,1.45386104e+00,1.46000978e+00,1.46597524e+00,1.47186198e+00,1.47776445e+00,1.48377815e+00,1.49001090e+00,1.49659812e+00,1.50372849e+00,1.51169505e+00,1.52101644e+00,1.53279905e+00,1.55037395e+00,1.56572546e+00,1.47186198e+00,1.47236031e+00,4.69178941e-02
"2020-Sep-14",1.33066111e+00,1.34412945e+00,1.35977049e+00,1.37039193e+00,1.37887296e+00,1.38617682e+00,1.39275789e+00,1.39887483e+00,1.40469575e+00,1.41034293e+00,1.41591533e+00,1.42150239e+00,1.42719449e+00,1.43309366e+00,1.43932805e+00,1.44607617e+00,1.45361526e+00,1.46243593e+00,1.47358482e+00,1.49021280e+00,1.50473557e+00,1.41591533e+00,1.41637948e+00,4.44113950e-02
"2020-Sep-15",1.31254975e+00,1.32553606e+00,1.34061488e+00,1.35085305e+00,1.35902720e+00,1.36606617e+00,1.37240810e+00,1.37830236e+00,1.38391104e+00,1.38935197e+00,1.39472054e+00,1.40010293e+00,1.40558619e+00,1.41126860e+00,1.41727353e+00,1.42377285e+00,1.43103347e+00,1.43952764e+00,1.45026278e+00,1.46627153e+00,1.48025137e+00,1.39472054e+00,1.39515789e+00,4.27853424e-02
"2020-Sep-16",1.32473536e+00,1.33746987e+00,1.35225335e+00,1.36228919e+00,1.37030078e+00,1.37719904e+00,1.38341362e+00,1.38918905e+00,1.39468421e+00,1.40001464e+00,1.40527380e+00,1.41054611e+00,1.41591685e+00,1.42148223e+00,1.42736305e+00,1.43372754e+00,1.44083688e+00,1.44915325e+00,1.45966241e+00,1.47533152e+00,1.48901226e+00,1.40527380e+00,1.40569031e+00,4.19114104e-02
"2020-Sep-17",1.36363724e+00,1.37630520e+00,1.39100802e+00,1.40098706e+00,1.40895212e+00,1.41580950e+00,1.42198660e+00,1.42772664e+00,1.43318765e+00,1.43848449e+00,1.44371008e+00,1.44894831e+00,1.45428389e+00,1.45981237e+00,1.46565369e+00,1.47197483e+00,1.47903504e+00,1.48729297e+00,1.49772682e+00,1.51328067e+00,1.52685786e+00,1.44371008e+00,1.44411031e+00,4.16417169e-02
"2020-Sep-18",1.42448693e+00,1.43722430e+00,1.45200400e+00,1.46203300e+00,1.47003667e+00,1.47692639e+00,1.48313191e+00,1.48889777e+00,1.49438282e+00,1.49970248e+00,1.50495011e+00,1.51020997e+00,1.51556711e+00,1.52111742e+00,1.52698125e+00,1.53332611e+00,1.54041203e+00,1.54869900e+00,1.55916796e+00,1.57477088e+00,1.58838779e+00,1.50495011e+00,1.50533727e+00,4.18150408e-02
"2020-Sep-19",1.50062438e+00,1.51351236e+00,1.52846305e+00,1.53860580e+00,1.54669894e+00,1.55366475e+00,1.55993808e+00,1.56576634e+00,1.57131020e+00,1.57668640e+00,1.58198932e+00,1.58730412e+00,1.59271672e+00,1.59832398e+00,1.60424740e+00,1.61065608e+00,1.61781248e+00,1.62618080e+00,1.63675091e+00,1.65250125e+00,1.66624358e+00,1.58198932e+00,1.58236539e+00,4.22532141e-02
"2020-Sep-20",1.58379490e+00,1.59685763e+00,1.61200735e+00,1.62228289e+00,1.63048071e+00,1.63753572e+00,1.64388868e+00,1.64979031e+00,1.65540344e+00,1.66084631e+00,1.66621453e+00,1.67159431e+00,1.67707260e+00,1.68274740e+00,1.68874162e+00,1.69522626e+00,1.70246669e+00,1.71093224e+00,1.72162355e+00,1.73755124e+00,1.75144516e+00,1.66621453e+00,1.66658041e+00,4.27711807e-02
"2020-Sep-21",1.66547395e+00,1.67868314e+00,1.69399925e+00,1.70438555e+00,1.71267054e+00,1.71979972e+00,1.72621881e+00,1.73218130e+00,1.73785182e+00,1.74334988e+00,1.74877209e+00,1.75420552e+00,1.75973800e+00,1.76546847e+00,1.77152096e+00,1.77806803e+00,1.78537743e+00,1.79392265e+00,1.80471307e+00,1.82078536e+00,1.83480244e+00,1.74877209e+00,1.74912771e+00,4.31991508e-02
"2020-Sep-22",1.73787315e+00,1.75115733e+00,1.76655723e+00,1.77699844e+00,1.78532613e+00,1.79249128e+00,1.79894215e+00,1.80493366e+00,1.81063130e+00,1.81615525e+00,1.82160258e+00,1.82706079e+00,1.83261808e+00,1.83837382e+00,1.84445251e+00,1.85102738e+00,1.85836714e+00,1.86694696e+00,1.87777971e+00,1.89391223e+00,1.90797915e+00,1.82160258e+00,1.82194713e+00,4.33973456e-02
"2020-Sep-23",1.79395177e+00,1.80720574e+00,1.82256780e+00,1.83298166e+00,1.84128656e+00,1.84843142e+00,1.85486348e+00,1.86083706e+00,1.86651725e+00,1.87202390e+00,1.87745382e+00,1.88289422e+00,1.88843302e+00,1.89416921e+00,1.90022683e+00,1.90677842e+00,1.91409161e+00,1.92263956e+00,1.93343086e+00,1.94949917e+00,1.96350770e+00,1.87745382e+00,1.87778596e+00,4.32568705e-02
"2020-Sep-24",1.82842912e+00,1.84152803e+00,1.85670793e+00,1.86699684e+00,1.87520125e+00,1.88225907e+00,1.88861229e+00,1.89451226e+00,1.90012211e+00,1.90556025e+00,1.91092228e+00,1.91629437e+00,1.92176330e+00,1.92742679e+00,1.93340729e+00,1.93987503e+00,1.94709410e+00,1.95553135e+00,1.96618186e+00,1.98203837e+00,1.99586016e+00,1.91092228e+00,1.91124049e+00,4.27146557e-02
"2020-Sep-25",1.83970402e+00,1.85252397e+00,1.86737851e+00,1.87744564e+00,1.88547248e+00,1.89237703e+00,1.89859190e+00,1.90436304e+00,1.90985010e+00,1.91516893e+00,1.92041306e+00,1.92566675e+00,1.93101488e+00,1.93655300e+00,1.94240078e+00,1.94872463e+00,1.95578266e+00,1.96403110e+00,1.97444237e+00,1.98994086e+00,2.00344880e+00,1.92041306e+00,1.92071590e+00,4.17741277e-02
"2020-Sep-26",1.83084187e+00,1.84328174e+00,1.85769411e+00,1.86746049e+00,1.87524690e+00,1.88194421e+00,1.88797219e+00,1.89356949e+00,1.89889102e+00,1.90404914e+00,1.90913459e+00,1.91422909e+00,1.91941494e+00,1.92478476e+00,1.93045455e+00,1.93658563e+00,1.94342811e+00,1.95142414e+00,1.96151604e+00,1.97653753e+00,1.98962818e+00,1.90913459e+00,1.90942106e+00,4.05090568e-02
"2020-Sep-27",1.80787136e+00,1.81986532e+00,1.83375949e+00,1.84317374e+00,1.85067888e+00,1.85713385e+00,1.86294341e+00,1.86833764e+00,1.87346587e+00,1.87843642e+00,1.88333674e+00,1.88824557e+00,1.89324221e+00,1.89841589e+00,1.90387835e+00,1.90978494e+00,1.91637656e+00,1.92407898e+00,1.93379962e+00,1.94826708e+00,1.96087356e+00,1.88333674e+00,1.88360635e+00,3.90333613e-02
"2020-Sep-28",1.77730021e+00,1.78881863e+00,1.80216044e+00,1.81119955e+00,1.81840511e+00,1.82460207e+00,1.83017913e+00,1.83535725e+00,1.84027981e+00,1.84505081e+00,1.84975422e+00,1.85446562e+00,1.85926110e+00,1.86422629e+00,1.86946840e+00,1.87513647e+00,1.88146159e+00,1.88885219e+00,1.89817868e+00,1.91205820e+00,1.92415112e+00,1.84975422e+00,1.85000711e+00,3.74640022e-02
"2020-Sep-29",1.74575091e+00,1.75679818e+00,1.76959285e+00,1.77826043e+00,1.78516934e+00,1.79111083e+00,1.79645770e+00,1.80142188e+00,1.80614085e+00,1.81071435e+00,1.81522287e+00,1.81973887e+00,1.82433528e+00,1.82909417e+00,1.83411826e+00,1.83955035e+00,1.84561183e+00,1.85269399e+00,1.86163064e+00,1.87492877e+00,1.88651393e+00,1.81522287e+00,1.81545964e+00,3.59108251e-02
"2020-Sep-30",1.71944739e+00,1.73005659e+00,1.74234251e+00,1.75066461e+00,1.75729765e+00,1.76300156e+00,1.76813437e+00,1.77289957e+00,1.77742920e+00,1.78181900e+00,1.78614626e+00,1.79048052e+00,1.79489178e+00,1.79945878e+00,1.80428007e+00,1.80949265e+00,1.81530890e+00,1.82210413e+00,1.83067812e+00,1.84343536e+00,1.85454812e+00,1.78614626e+00,1.78636792e+00,3.44662304e-02
"2020-Oct-01",1.70298981e+00,1.71321302e+00,1.72505053e+00,1.73306803e+00,1.73945781e+00,1.74495219e+00,1.74989617e+00,1.75448584e+00,1.75884840e+00,1.76307612e+00,1.76724341e+00,1.77141727e+00,1.77566509e+00,1.78006269e+00,1.78470493e+00,1.78972368e+00,1.79532335e+00,1.80186516e+00,1.81011876e+00,1.82239804e+00,1.83309324e+00,1.76724341e+00,1.76745118e+00,3.31912877e-02
"2020-Oct-02",1.69927418e+00,1.70917280e+00,1.72063302e+00,1.72839411e+00,1.73457902e+00,1.73989688e+00,1.74468174e+00,1.74912347e+00,1.75334519e+00,1.75743623e+00,1.76146861e+00,1.76550716e+00,1.76961708e+00,1.77387171e+00,1.77836281e+00,1.78321792e+00,1.78863468e+00,1.79496239e+00,1.80294525e+00,1.81482044e+00,1.82516242e+00,1.76146861e+00,1.76166377e+00,3.21158736e-02
"2020-Oct-03",1.70984155e+00,1.71947863e+00,1.73063454e+00,1.73818862e+00,1.74420805e+00,1.74938326e+00,1.75403948e+00,1.75836154e+00,1.76246932e+00,1.76644972e+00,1.77037287e+00,1.77430182e+00,1.77830001e+00,1.78243877e+00,1.78680733e+00,1.79152970e+00,1.79679805e+00,1.80295196e+00,1.81071490e+00,1.82226161e+00,1.83231622e+00,1.77037287e+00,1.77055666e+00,3.12449682e-02
"2020-Oct-04",1.73459855e+00,1.74403159e+00,1.75494976e+00,1.76234193e+00,1.76823179e+00,1.77329523e+00,1.77785060e+00,1.78207878e+00,1.78609712e+00,1.78999065e+00,1.79382797e+00,1.79767077e+00,1.80158110e+00,1.80562868e+00,1.80990078e+00,1.81451859e+00,1.81966997e+00,1.82568682e+00,1.83327618e+00,1.84456332e+00,1.85439059e+00,1.79382797e+00,1.79400150e+00,3.05605336e-02
"2020-Oct-05",1.77208926e+00,1.78136507e+00,1.79209968e+00,1.79936663e+00,1.80515618e+00,1.81013300e+00,1.81461013e+00,1.81876544e+00,1.82271430e+00,1.82654030e+00,1.83031087e+00,1.83408662e+00,1.83792851e+00,1.84190505e+00,1.84610191e+00,1.85063813e+00,1.85569816e+00,1.86160786e+00,1.86906139e+00,1.88014514e+00,1.88979397e+00,1.83031087e+00,1.83047506e+00,3.00279736e-02
"2020-Oct-06",1.82097570e+00,1.83013022e+00,1.84072290e+00,1.84789281e+00,1.85360451e+00,1.85851402e+00,1.86293030e+00,1.86702888e+00,1.87092360e+00,1.87469693e+00,1.87841539e+00,1.88213877e+00,1.88592716e+00,1.88984810e+00,1.89398606e+00,1.89845833e+00,1.90344669e+00,1.90927224e+00,1.91661896e+00,1.92754247e+00,1.93705047e+00,1.87841539e+00,1.87857098e+00,2.96120996e-02
"2020-Oct-07",1.88025635e+00,1.88931543e+00,1.89979611e+00,1.90688926e+00,1.91253926e+00,1.91739535e+00,1.92176328e+00,1.92581674e+00,1.92966834e+00,1.93339970e+00,1.93707659e+00,1.94075815e+00,1.94450378e+00,1.94838025e+00,1.95247104e+00,1.95689206e+00,1.96182291e+00,1.96758086e+00,1.97484164e+00,1.98563598e+00,1.99503019e+00,1.93707659e+00,1.93722411e+00,2.92801662e-02
"2020-Oct-08",1.94723028e+00,1.95620604e+00,1.96658877e+00,1.97361470e+00,1.97921062e+00,1.98401985e+00,1.98834533e+00,1.99235914e+00,1.99617285e+00,1.99986729e+00,2.00350760e+00,2.00715232e+00,2.01086029e+00,2.01469757e+00,2.01874675e+00,2.02312254e+00,2.02800261e+00,2.03370083e+00,2.04088561e+00,2.05156559e+00,2.06085894e+00,2.00350760e+00,2.00364739e+00,2.89879672e-02
"2020-Oct-09",2.01708054e+00,2.02596818e+00,2.03624748e+00,2.04320251e+00,2.04874145e+00,2.05350134e+00,2.05778215e+00,2.06175427e+00,2.06552815e+00,2.06918380e+00,2.07278571e+00,2.07639179e+00,2.08006025e+00,2.08385642e+00,2.08786202e+00,2.09219043e+00,2.09701736e+00,2.10265309e+00,2.10975844e+00,2.12031900e+00,2.12950716e+00,2.07278571e+00,2.07291799e+00,2.86812694e-02
"2020-Oct-10",2.08586118e+00,2.09464355e+00,2.10479967e+00,2.11167050e+00,2.11714188e+00,2.12184338e+00,2.12607139e+00,2.12999429e+00,2.13372120e+00,2.13733117e+00,2.14088787e+00,2.14444852e+00,2.14807057e+00,2.15181853e+00,2.15577302e+00,2.16004598e+00,2.16481075e+00,2.17037351e+00,2.17738623e+00,2.18780787e+00,2.19687392e+00,2.14088787e+00,2.14101274e+00,2.83205336e-02
"2020-Oct-11",2.15129012e+00,2.15994367e+00,2.16994949e+00,2.17671781e+00,2.18210710e+00,2.18673772e+00,2.19090175e+00,2.19476505e+00,2.19843515e+00,2.20198991e+00,2.20549205e+00,2.20899789e+00,2.21256402e+00,2.21625393e+00,2.22014698e+00,2.22435329e+00,2.22904347e+00,2.23451875e+00,2.24142061e+00,2.25167630e+00,2.26059684e+00,2.20549205e+00,2.20560956e+00,2.78852713e-02
"2020-Oct-12",2.20945139e+00,2.21794490e+00,2.22776439e+00,2.23440592e+00,2.23969382e+00,2.24423701e+00,2.24832218e+00,2.25211211e+00,2.25571233e+00,2.25919924e+00,2.26263436e+00,2.26607297e+00,2.26957054e+00,2.27318933e+00,2.27700716e+00,2.28113198e+00,2.28573102e+00,2.29109955e+00,2.29786632e+00,2.30792013e+00,2.31666400e+00,2.26263436e+00,2.26274456e+00,2.73510069e-02
"2020-Oct-13",2.25446318e+00,2.26275639e+00,2.27234319e+00,2.27882664e+00,2.28398829e+00,2.28842273e+00,2.29240989e+00,2.29610871e+00,2.29962222e+00,2.30302499e+00,2.30637708e+00,2.30973243e+00,2.31314516e+00,2.31667602e+00,2.32040090e+00,2.32442510e+00,2.32891171e+00,2.33414868e+00,2.34074912e+00,2.35055481e+00,2.35908189e+00,2.30637708e+00,2.30648003e+00,2.66892496e-02
"2020-Oct-14",2.28233655e+00,2.29038649e+00,2.29969105e+00,2.30598302e+00,2.31099187e+00,2.31529480e+00,2.31916351e+00,2.32275230e+00,2.32616113e+00,2.32946238e+00,2.33271435e+00,2.33596934e+00,2.33927986e+00,2.34270484e+00,2.34631787e+00,2.35022105e+00,2.35457252e+00,2.35965146e+00,2.36605229e+00,2.37556052e+00,2.38382807e+00,2.33271435e+00,2.33281014e+00,2.58914494e-02
"2020-Oct-15",2.29239995e+00,2.30016852e+00,2.30914697e+00,2.31521789e+00,2.32005045e+00,2.32420172e+00,2.32793390e+00,2.33139589e+00,2.33468416e+00,2.33786854e+00,2.34100525e+00,2.34414477e+00,2.34733774e+00,2.35064098e+00,2.35412544e+00,2.35788958e+00,2.36208585e+00,2.36698339e+00,2.37315521e+00,2.38232249e+00,2.39029279e+00,2.34100525e+00,2.34109405e+00,2.49733711e-02
"2020-Oct-16",2.28503066e+00,2.29248684e+00,2.30110347e+00,2.30692927e+00,2.31156644e+00,2.31554968e+00,2.31913064e+00,2.32245224e+00,2.32560704e+00,2.32866206e+00,2.33167126e+00,2.33468305e+00,2.33774602e+00,2.34091465e+00,2.34425701e+00,2.34786751e+00,2.35189232e+00,2.35658954e+00,2.36250857e+00,2.37129968e+00,2.37894226e+00,2.33167126e+00,2.33175331e+00,2.39577042e-02
"2020-Oct-17",2.26043634e+00,2.26755569e+00,2.27578240e+00,2.28134416e+00,2.28577094e+00,2.28957328e+00,2.29299150e+00,2.29616202e+00,2.29917324e+00,2.30208913e+00,2.30496120e+00,2.30783566e+00,2.31075887e+00,2.31378283e+00,2.31697248e+00,2.32041791e+00,2.32425857e+00,2.32874067e+00,2.33438835e+00,2.34277582e+00,2.35006694e+00,2.30496120e+00,2.30503681e+00,2.28655662e-02
"2020-Oct-18",2.22014482e+00,2.22691126e+00,2.23472960e+00,2.24001494e+00,2.24422150e+00,2.24783455e+00,2.25108249e+00,2.25409498e+00,2.25695602e+00,2.25972642e+00,2.26245510e+00,2.26518598e+00,2.26796311e+00,2.27083587e+00,2.27386596e+00,2.27713892e+00,2.28078720e+00,2.28504464e+00,2.29040898e+00,2.29837516e+00,2.30529956e+00,2.26245510e+00,2.26252463e+00,2.17237231e-02
"2020-Oct-19",2.16745564e+00,2.17386348e+00,2.18126700e+00,2.18627161e+00,2.19025458e+00,2.19367546e+00,2.19675056e+00,2.19960266e+00,2.20231131e+00,2.20493407e+00,2.20751728e+00,2.21010251e+00,2.21273146e+00,2.21545087e+00,2.21831913e+00,2.22141721e+00,2.22487046e+00,2.22890015e+00,2.23397733e+00,2.24151664e+00,2.24806956e+00,2.20751728e+00,2.20758114e+00,2.05653117e-02
"2020-Oct-20",2.10550298e+00,2.11155542e+00,2.11854789e+00,2.12327440e+00,2.12703589e+00,2.13026646e+00,2.13317040e+00,2.13586368e+00,2.13842144e+00,2.14089805e+00,2.14333725e+00,2.14577831e+00,2.14826059e+00,2.15082824e+00,2.15353636e+00,2.15646140e+00,2.15972169e+00,2.16352609e+00,2.16831924e+00,2.17543640e+00,2.18162207e+00,2.14333725e+00,2.14339590e+00,1.94186303e-02
"2020-Oct-21",2.03595575e+00,2.04166131e+00,2.04825269e+00,2.05270787e+00,2.05625332e+00,2.05929825e+00,2.06203526e+00,2.06457366e+00,2.06698429e+00,2.06931839e+00,2.07161719e+00,2.07391769e+00,2.07625700e+00,2.07867671e+00,2.08122876e+00,2.08398516e+00,2.08705740e+00,2.09064228e+00,2.09515870e+00,2.10186466e+00,2.10769264e+00,2.07161719e+00,2.07167108e+00,1.83006890e-02
"2020-Oct-22",1.95965915e+00,1.96502936e+00,1.97123305e+00,1.97542603e+00,1.97876271e+00,1.98162829e+00,1.98420402e+00,1.98659281e+00,1.98886131e+00,1.99105775e+00,1.99322095e+00,1.99538572e+00,1.99758696e+00,1.99986382e+00,2.00226516e+00,2.00485874e+00,2.00774945e+00,2.01112242e+00,2.01537175e+00,2.02168090e+00,2.02716378e+00,1.99322095e+00,1.99327055e+00,1.72209975e-02
"2020-Oct-23",1.87790255e+00,1.88295159e+00,1.88878403e+00,1.89272596e+00,1.89586279e+00,1.89855667e+00,1.90097803e+00,1.90322363e+00,1.90535611e+00,1.90742083e+00,1.90945427e+00,1.91148915e+00,1.91355829e+00,1.91569849e+00,1.91795566e+00,1.92039348e+00,1.92311055e+00,1.92628085e+00,1.93027476e+00,1.93620447e+00,1.94135742e+00,1.90945427e+00,1.90950001e+00,1.61878665e-02
"2020-Oct-24",1.79227086e+00,1.79701501e+00,1.80249510e+00,1.80619878e+00,1.80914597e+00,1.81167695e+00,1.81395186e+00,1.81606161e+00,1.81806506e+00,1.82000482e+00,1.82191518e+00,1.82382688e+00,1.82577074e+00,1.82778132e+00,1.82990178e+00,1.83219191e+00,1.83474434e+00,1.83772249e+00,1.84147426e+00,1.84704432e+00,1.85188459e+00,1.82191518e+00,1.82195750e+00,1.52079565e-02
"2020-Oct-25",1.70402446e+00,1.70848095e+00,1.71362866e+00,1.71710763e+00,1.71987596e+00,1.72225332e+00,1.72439012e+00,1.72637177e+00,1.72825356e+00,1.73007552e+00,1.73186984e+00,1.73366540e+00,1.73549116e+00,1.73737957e+00,1.73937115e+00,1.74152209e+00,1.74391935e+00,1.74671642e+00,1.75024001e+00,1.75547122e+00,1.76001693e+00,1.73186984e+00,1.73190911e+00,1.42841411e-02
"2020-Oct-26",1.61507920e+00,1.61926661e+00,1.62410342e+00,1.62737223e+00,1.62997330e+00,1.63220700e+00,1.63421467e+00,1.63607655e+00,1.63784459e+00,1.63955641e+00,1.64124225e+00,1.64292924e+00,1.64464460e+00,1.64641881e+00,1.64828994e+00,1.65031078e+00,1.65256302e+00,1.65519086e+00,1.65850123e+00,1.66341582e+00,1.66768633e+00,1.64124225e+00,1.64127883e+00,1.34205130e-02
"2020-Oct-27",1.52819686e+00,1.53213597e+00,1.53668591e+00,1.53976082e+00,1.54220759e+00,1.54430877e+00,1.54619732e+00,1.54794871e+00,1.54961184e+00,1.55122207e+00,1.55280785e+00,1.55439472e+00,1.55600826e+00,1.55767715e+00,1.55943720e+00,1.56133806e+00,1.56345657e+00,1.56592837e+00,1.56904216e+00,1.57366485e+00,1.57768167e+00,1.55280785e+00,1.55284206e+00,1.26239824e-02
"2020-Oct-28",1.44587263e+00,1.44958605e+00,1.45387528e+00,1.45677398e+00,1.45908052e+00,1.46106127e+00,1.46284157e+00,1.46449257e+00,1.46606036e+00,1.46757828e+00,1.46907316e+00,1.47056905e+00,1.47209008e+00,1.47366329e+00,1.47532243e+00,1.47711429e+00,1.47911132e+00,1.48144138e+00,1.48437659e+00,1.48873414e+00,1.49252055e+00,1.46907316e+00,1.46910529e+00,1.19002669e-02
"2020-Oct-29",1.36982876e+00,1.37333999e+00,1.37739566e+00,1.38013652e+00,1.38231745e+00,1.38419033e+00,1.38587368e+00,1.38743477e+00,1.38891717e+00,1.39035242e+00,1.39176588e+00,1.39318030e+00,1.39461848e+00,1.39610600e+00,1.39767476e+00,1.39936902e+00,1.40125726e+00,1.40346039e+00,1.40623570e+00,1.41035585e+00,1.41393596e+00,1.39176588e+00,1.39179620e+00,1.12521086e-02
"2020-Oct-30",1.30127378e+00,1.30460665e+00,1.30845630e+00,1.31105791e+00,1.31312806e+00,1.31490579e+00,1.31650362e+00,1.31798540e+00,1.31939250e+00,1.32075483e+00,1.32209648e+00,1.32343904e+00,1.32480415e+00,1.32621610e+00,1.32770516e+00,1.32931334e+00,1.33110565e+00,1.33319683e+00,1.33583113e+00,1.33974194e+00,1.34314014e+00,1.32209648e+00,1.32212524e+00,1.06804535e-02
"2020-Oct-31",1.24118250e+00,1.24436094e+00,1.24803222e+00,1.25051329e+00,1.25248751e+00,1.25418287e+00,1.25570667e+00,1.25711979e+00,1.25846168e+00,1.25976089e+00,1.26104037e+00,1.26232072e+00,1.26362258e+00,1.26496910e+00,1.26638916e+00,1.26792282e+00,1.26963208e+00,1.27162637e+00,1.27413860e+00,1.27786819e+00,1.28110893e+00,1.26104037e+00,1.26106779e+00,1.01855588e-02
"2020-Nov-01",1.18975235e+00,1.19279942e+00,1.19631896e+00,1.19869748e+00,1.20059010e+00,1.20221540e+00,1.20367621e+00,1.20503092e+00,1.20631736e+00,1.20756287e+00,1.20878947e+00,1.21001690e+00,1.21126495e+00,1.21255582e+00,1.21391719e+00,1.21538746e+00,1.21702608e+00,1.21893794e+00,1.22134634e+00,1.22492178e+00,1.22802859e+00,1.20878947e+00,1.20881576e+00,9.76458187e-03
"2020-Nov-02",1.14617736e+00,1.14911393e+00,1.15250582e+00,1.15479809e+00,1.15662208e+00,1.15818843e+00,1.15959627e+00,1.16090186e+00,1.16214164e+00,1.16334199e+00,1.16452411e+00,1.16570703e+00,1.16690983e+00,1.16815388e+00,1.16946589e+00,1.17088285e+00,1.17246204e+00,1.17430458e+00,1.17662566e+00,1.18007145e+00,1.18306560e+00,1.16452411e+00,1.16454946e+00,9.41049342e-03
"2020-Nov-03",1.10946665e+00,1.11231112e+00,1.11559664e+00,1.11781702e+00,1.11958381e+00,1.12110104e+00,1.12246473e+00,1.12372938e+00,1.12493029e+00,1.12609299e+00,1.12723805e+00,1.12838387e+00,1.12954896e+00,1.13075401e+00,1.13202487e+00,1.13339740e+00,1.13492709e+00,1.13671186e+00,1.13896016e+00,1.14229793e+00,1.14519821e+00,1.12723805e+00,1.12726262e+00,9.11541383e-03
"2020-Nov-04",1.07873605e+00,1.08150450e+00,1.08470222e+00,1.08686327e+00,1.08858286e+00,1.09005955e+00,1.09138680e+00,1.09261766e+00,1.09378649e+00,1.09491813e+00,1.09603259e+00,1.09714781e+00,1.09828177e+00,1.09945463e+00,1.10069155e+00,1.10202742e+00,1.10351624e+00,1.10525334e+00,1.10744159e+00,1.11069022e+00,1.11351305e+00,1.09603259e+00,1.09605653e+00,8.87189860e-03
"2020-Nov-05",1.05297261e+00,1.05567866e+00,1.05880432e+00,1.06091667e+00,1.06259751e+00,1.06404093e+00,1.06533828e+00,1.06654141e+00,1.06768390e+00,1.06879005e+00,1.06987941e+00,1.07096950e+00,1.07207792e+00,1.07322436e+00,1.07443342e+00,1.07573920e+00,1.07719450e+00,1.07889248e+00,1.08103145e+00,1.08420693e+00,1.08696621e+00,1.06987941e+00,1.06990284e+00,8.67204600e-03
"2020-Nov-06",1.03115562e+00,1.03381045e+00,1.03687695e+00,1.03894934e+00,1.04059837e+00,1.04201448e+00,1.04328729e+00,1.04446767e+00,1.04558855e+00,1.04667378e+00,1.04774253e+00,1.04881202e+00,1.04989948e+00,1.05102424e+00,1.05221044e+00,1.05349154e+00,1.05491932e+00,1.05658521e+00,1.05868376e+00,1.06179923e+00,1.06450638e+00,1.04774253e+00,1.04776556e+00,8.50805380e-03
"2020-Nov-07",1.01230297e+00,1.01491546e+00,1.01793307e+00,1.01997242e+00,1.02159517e+00,1.02298872e+00,1.02424125e+00,1.02540282e+00,1.02650585e+00,1.02757379e+00,1.02862552e+00,1.02967797e+00,1.03074812e+00,1.03185497e+00,1.03302229e+00,1.03428299e+00,1.03568805e+00,1.03732743e+00,1.03939259e+00,1.04245850e+00,1.04512260e+00,1.02862552e+00,1.02864824e+00,8.37255583e-03
"2020-Nov-08",9.95658354e-01,9.98235503e-01,1.00121231e+00,1.00322409e+00,1.00482492e+00,1.00619964e+00,1.00743525e+00,1.00858113e+00,1.00966926e+00,1.01072278e+00,1.01176032e+00,1.01279856e+00,1.01385426e+00,1.01494618e+00,1.01609775e+00,1.01734145e+00,1.01872756e+00,1.02034483e+00,1.02238215e+00,1.02540675e+00,1.02803496e+00,1.01176032e+00,1.01178279e+00,8.25953720e-03
"2020-Nov-09",9.80709365e-01,9.83256761e-01,9.86199221e-01,9.88187800e-01,9.89770167e-01,9.91129043e-01,9.92350415e-01,9.93483095e-01,9.94558694e-01,9.95600087e-01,9.96625678e-01,9.97651974e-01,9.98695525e-01,9.99774882e-01,1.00091320e+00,1.00214260e+00,1.00351277e+00,1.00511145e+00,1.00712537e+00,1.01011523e+00,1.01271328e+00,9.96625678e-01,9.96647972e-01,8.16446078e-03
"2020-Nov-10",9.67083643e-01,9.69605781e-01,9.72519088e-01,9.74487979e-01,9.76054686e-01,9.77400120e-01,9.78609414e-01,9.79730896e-01,9.80795865e-01,9.81826970e-01,9.82842431e-01,9.83858593e-01,9.84891843e-01,9.85960548e-01,9.87087638e-01,9.88304908e-01,9.89661573e-01,9.91244498e-01,9.93238573e-01,9.96199005e-01,9.98771492e-01,9.82842431e-01,9.82864594e-01,8.08383144e-03
"2020-Nov-11",9.54727378e-01,9.57228217e-01,9.60116947e-01,9.62069241e-01,9.63622750e-01,9.64956856e-01,9.66155973e-01,9.67268021e-01,9.68324034e-01,9.69346471e-01,9.70353400e-01,9.71361026e-01,9.72385599e-01,9.73445333e-01,9.74562966e-01,9.75770027e-01,9.77115318e-01,9.78684978e-01,9.80662355e-01,9.83598016e-01,9.86148999e-01,9.70353400e-01,9.70375472e-01,8.01591494e-03
"2020-Nov-12",9.43771282e-01,9.46254616e-01,9.49123148e-01,9.51061807e-01,9.52604475e-01,9.53929276e-01,9.55120036e-01,9.56224336e-01,9.57272996e-01,9.58288317e-01,9.59288240e-01,9.60288859e-01,9.61306311e-01,9.62358682e-01,9.63468554e-01,9.64667237e-01,9.66003196e-01,9.67561975e-01,9.69525654e-01,9.72441002e-01,9.74974354e-01,9.59288240e-01,9.59310257e-01,7.96016159e-03
"2020-Nov-13",9.34830793e-01,9.37301000e-01,9.40154392e-01,9.42082834e-01,9.43617378e-01,9.44935209e-01,9.46119708e-01,9.47218206e-01,9.48261359e-01,9.49271351e-01,9.50266030e-01,9.51261403e-01,9.52273524e-01,9.53320384e-01,9.54424448e-01,9.55616862e-01,9.56945839e-01,9.58496477e-01,9.60449911e-01,9.63350070e-01,9.65870243e-01,9.50266030e-01,9.50288024e-01,7.91842069e-03
"2020-Nov-14",9.28497035e-01,9.30959144e-01,9.33803201e-01,9.35725345e-01,9.37254886e-01,9.38568423e-01,9.39749067e-01,9.40843993e-01,9.41883757e-01,9.42890469e-01,9.43881921e-01,9.44874068e-01,9.45882909e-01,9.46926382e-01,9.48026875e-01,9.49215435e-01,9.50540122e-01,9.52085760e-01,9.54032902e-01,9.56923738e-01,9.59435825e-01,9.43881921e-01,9.43903920e-01,7.89274198e-03
"2020-Nov-15",9.24880431e-01,9.27339540e-01,9.30180146e-01,9.32099967e-01,9.33627663e-01,9.34939621e-01,9.36118847e-01,9.37212460e-01,9.38250980e-01,9.39256491e-01,9.40246760e-01,9.41237725e-01,9.42245368e-01,9.43287602e-01,9.44386790e-01,9.45573945e-01,9.46897068e-01,9.48440886e-01,9.50385742e-01,9.53273195e-01,9.55782355e-01,9.40246760e-01,9.40268792e-01,7.88333743e-03
"2020-Nov-16",9.24037823e-01,9.26499045e-01,9.29342101e-01,9.31263583e-01,9.32792605e-01,9.34105703e-01,9.35285956e-01,9.36380524e-01,9.37419952e-01,9.38426342e-01,9.39417479e-01,9.40409314e-01,9.41417842e-01,9.42460993e-01,9.43561151e-01,9.44749354e-01,9.46073647e-01,9.47618833e-01,9.49565416e-01,9.52455443e-01,9.54966848e-01,9.39417479e-01,9.39439569e-01,7.89025123e-03
"2020-Nov-17",9.26522988e-01,9.28992099e-01,9.31844270e-01,9.33771915e-01,9.35305841e-01,9.36623152e-01,9.37807193e-01,9.38905273e-01,9.39948037e-01,9.40957657e-01,9.41951976e-01,9.42946996e-01,9.43958762e-01,9.45005263e-01,9.46108954e-01,9.47300974e-01,9.48629521e-01,9.50179672e-01,9.52132511e-01,9.55031828e-01,9.57551309e-01,9.41951976e-01,9.41974148e-01,7.91558251e-03
"2020-Nov-18",9.32995848e-01,9.35479369e-01,9.38348181e-01,9.40287068e-01,9.41829939e-01,9.43154930e-01,9.44345871e-01,9.45450351e-01,9.46499191e-01,9.47514693e-01,9.48514805e-01,9.49515619e-01,9.50533278e-01,9.51585873e-01,9.52695990e-01,9.53894948e-01,9.55231228e-01,9.56790398e-01,9.58754598e-01,9.61670777e-01,9.64204904e-01,9.48514805e-01,9.48537080e-01,7.96168946e-03
"2020-Nov-19",9.43094281e-01,9.45598012e-01,9.48490155e-01,9.50444801e-01,9.52000207e-01,9.53335959e-01,9.54536571e-01,9.55650016e-01,9.56707368e-01,9.57731110e-01,9.58739333e-01,9.59748264e-01,9.60774174e-01,9.61835301e-01,9.62954414e-01,9.64163086e-01,9.65510188e-01,9.67081983e-01,9.69062080e-01,9.72001847e-01,9.74556461e-01,9.58739333e-01,9.58761730e-01,8.02626297e-03
"2020-Nov-20",9.56516291e-01,9.59045285e-01,9.61966588e-01,9.63940928e-01,9.65511997e-01,9.66861195e-01,9.68073888e-01,9.69198534e-01,9.70266518e-01,9.71300552e-01,9.72318909e-01,9.73337977e-01,9.74374191e-01,9.75445973e-01,9.76576320e-01,9.77797121e-01,9.79157738e-01,9.80745293e-01,9.82745236e-01,9.85714446e-01,9.88294626e-01,9.72318909e-01,9.72341439e-01,8.10691650e-03
"2020-Nov-21",9.73490269e-01,9.76049462e-01,9.79005615e-01,9.81003490e-01,9.82593275e-01,9.83958539e-01,9.85185665e-01,9.86323692e-01,9.87404378e-01,9.88450705e-01,9.89481165e-01,9.90512340e-01,9.91560862e-01,9.92645369e-01,9.93789132e-01,9.95024417e-01,9.96401168e-01,9.98007542e-01,1.00003118e+00,1.00303553e+00,1.00564622e+00,9.89481165e-01,9.89503834e-01,8.20324991e-03
"2020-Nov-22",9.94086777e-01,9.96680696e-01,9.99676921e-01,1.00170185e+00,1.00331315e+00,1.00469688e+00,1.00594060e+00,1.00709400e+00,1.00818929e+00,1.00924974e+00,1.01029411e+00,1.01133920e+00,1.01240186e+00,1.01350099e+00,1.01466016e+00,1.01591209e+00,1.01730737e+00,1.01893536e+00,1.02098621e+00,1.02403092e+00,1.02667665e+00,1.01029411e+00,1.01031691e+00,8.31394524e-03
"2020-Nov-23",1.01746339e+00,1.02009487e+00,1.02313443e+00,1.02518862e+00,1.02682319e+00,1.02822688e+00,1.02948853e+00,1.03065856e+00,1.03176963e+00,1.03284536e+00,1.03390476e+00,1.03496488e+00,1.03604283e+00,1.03715776e+00,1.03833359e+00,1.03960350e+00,1.04101882e+00,1.04267016e+00,1.04475041e+00,1.04783873e+00,1.05052231e+00,1.03390476e+00,1.03392769e+00,8.43360207e-03
"2020-Nov-24",1.04219891e+00,1.04486832e+00,1.04795164e+00,1.05003537e+00,1.05169342e+00,1.05311727e+00,1.05439702e+00,1.05558384e+00,1.05671083e+00,1.05780197e+00,1.05887654e+00,1.05995184e+00,1.06104521e+00,1.06217609e+00,1.06336873e+00,1.06465677e+00,1.06609230e+00,1.06776720e+00,1.06987711e+00,1.07300941e+00,1.07573115e+00,1.05887654e+00,1.05889958e+00,8.55434953e-03
"2020-Nov-25",1.06699476e+00,1.06970022e+00,1.07282512e+00,1.07493691e+00,1.07661727e+00,1.07806026e+00,1.07935722e+00,1.08055996e+00,1.08170208e+00,1.08280786e+00,1.08389684e+00,1.08498655e+00,1.08609457e+00,1.08724058e+00,1.08844918e+00,1.08975445e+00,1.09120915e+00,1.09290642e+00,1.09504448e+00,1.09821852e+00,1.10097648e+00,1.08389684e+00,1.08391995e+00,8.66901238e-03
"2020-Nov-26",1.09035821e+00,1.09309541e+00,1.09625693e+00,1.09839343e+00,1.10009343e+00,1.10155328e+00,1.10286537e+00,1.10408215e+00,1.10523758e+00,1.10635623e+00,1.10745789e+00,1.10856029e+00,1.10968118e+00,1.11084052e+00,1.11206315e+00,1.11338357e+00,1.11485515e+00,1.11657209e+00,1.11873490e+00,1.12194564e+00,1.12473543e+00,1.10745789e+00,1.10748104e+00,8.76991034e-03
"2020-Nov-27",1.11081949e+00,1.11358186e+00,1.11677239e+00,1.11892846e+00,1.12064402e+00,1.12211722e+00,1.12344129e+00,1.12466917e+00,1.12583514e+00,1.12696399e+00,1.12807568e+00,1.12918811e+00,1.13031920e+00,1.13148907e+00,1.13272281e+00,1.13405521e+00,1.13554013e+00,1.13727262e+00,1.13945499e+00,1.14269472e+00,1.14550967e+00,1.12807568e+00,1.12809883e+00,8.84974615e-03
"2020-Nov-28",1.12697644e+00,1.12975531e+00,1.13296484e+00,1.13513373e+00,1.13685947e+00,1.13834140e+00,1.13967331e+00,1.14090845e+00,1.14208130e+00,1.14321682e+00,1.14433506e+00,1.14545404e+00,1.14659179e+00,1.14776853e+00,1.14900952e+00,1.15034974e+00,1.15184336e+00,1.15358599e+00,1.15578111e+00,1.15903972e+00,1.16187103e+00,1.14433506e+00,1.14435815e+00,8.90189336e-03
"2020-Nov-29",1.13748952e+00,1.14027442e+00,1.14349088e+00,1.14566443e+00,1.14739386e+00,1.14887894e+00,1.15021369e+00,1.15145145e+00,1.15262679e+00,1.15376470e+00,1.15488530e+00,1.15600663e+00,1.15714676e+00,1.15832597e+00,1.15956954e+00,1.16091255e+00,1.16240928e+00,1.16415551e+00,1.16635516e+00,1.16962046e+00,1.17245754e+00,1.15488530e+00,1.15490827e+00,8.92062443e-03
"2020-Nov-30",1.14158030e+00,1.14435991e+00,1.14757022e+00,1.14973959e+00,1.15146569e+00,1.15294791e+00,1.15428007e+00,1.15551543e+00,1.15668848e+00,1.15782418e+00,1.15894260e+00,1.16006173e+00,1.16119964e+00,1.16237653e+00,1.16361766e+00,1.16495802e+00,1.16645180e+00,1.16819458e+00,1.17038986e+00,1.17364865e+00,1.17648005e+00,1.15894260e+00,1.15896539e+00,8.90320710e-03
"2020-Dec-01",1.13949821e+00,1.14226183e+00,1.14545365e+00,1.14761052e+00,1.14932666e+00,1.15080032e+00,1.15212479e+00,1.15335301e+00,1.15451928e+00,1.15564840e+00,1.15676035e+00,1.15787300e+00,1.15900432e+00,1.16017439e+00,1.16140833e+00,1.16274092e+00,1.16422602e+00,1.16595868e+00,1.16814120e+00,1.17138103e+00,1.17419594e+00,1.15676035e+00,1.15678292e+00,8.85167097e-03
"2020-Dec-02",1.13218497e+00,1.13492359e+00,1.13808652e+00,1.14022385e+00,1.14192445e+00,1.14338476e+00,1.14469722e+00,1.14591430e+00,1.14707000e+00,1.14818889e+00,1.14929075e+00,1.15039331e+00,1.15151436e+00,1.15267381e+00,1.15389655e+00,1.15521704e+00,1.15668865e+00,1.15840558e+00,1.16056827e+00,1.16377865e+00,1.16656796e+00,1.14929075e+00,1.14931306e+00,8.77137697e-03
"2020-Dec-03",1.12080709e+00,1.12351381e+00,1.12663988e+00,1.12875230e+00,1.13043307e+00,1.13187635e+00,1.13317351e+00,1.13437641e+00,1.13551862e+00,1.13662446e+00,1.13771346e+00,1.13880316e+00,1.13991113e+00,1.14105706e+00,1.14226553e+00,1.14357061e+00,1.14502505e+00,1.14672193e+00,1.14885937e+00,1.15203227e+00,1.15478900e+00,1.13771346e+00,1.13773548e+00,8.66905629e-03
"2020-Dec-04",1.10682549e+00,1.10949596e+00,1.11258017e+00,1.11466430e+00,1.11632256e+00,1.11774651e+00,1.11902629e+00,1.12021307e+00,1.12133999e+00,1.12243101e+00,1.12350543e+00,1.12458053e+00,1.12567365e+00,1.12680423e+00,1.12799650e+00,1.12928409e+00,1.13071904e+00,1.13239318e+00,1.13450198e+00,1.13763234e+00,1.14035211e+00,1.12350543e+00,1.12352713e+00,8.55291179e-03
"2020-Dec-05",1.09200865e+00,1.09464153e+00,1.09768233e+00,1.09973712e+00,1.10137203e+00,1.10277593e+00,1.10403770e+00,1.10520777e+00,1.10631882e+00,1.10739448e+00,1.10845376e+00,1.10951372e+00,1.11059145e+00,1.11170610e+00,1.11288159e+00,1.11415105e+00,1.11556578e+00,1.11721634e+00,1.11929543e+00,1.12238170e+00,1.12506316e+00,1.10845376e+00,1.10847514e+00,8.43247106e-03
"2020-Dec-06",1.07794403e+00,1.08054070e+00,1.08353967e+00,1.08556620e+00,1.08717862e+00,1.08856321e+00,1.08980761e+00,1.09096159e+00,1.09205735e+00,1.09311820e+00,1.09416291e+00,1.09520829e+00,1.09627119e+00,1.09737050e+00,1.09852980e+00,1.09978179e+00,1.10117706e+00,1.10280490e+00,1.10485537e+00,1.10789914e+00,1.11054368e+00,1.09416291e+00,1.09418398e+00,8.31643352e-03
"2020-Dec-07",1.06566233e+00,1.06822609e+00,1.07118705e+00,1.07318788e+00,1.07477986e+00,1.07614689e+00,1.07737552e+00,1.07851485e+00,1.07959671e+00,1.08064412e+00,1.08167558e+00,1.08270769e+00,1.08375710e+00,1.08484247e+00,1.08598706e+00,1.08722316e+00,1.08860072e+00,1.09020790e+00,1.09223234e+00,1.09523748e+00,1.09784844e+00,1.08167558e+00,1.08169635e+00,8.21093592e-03
"2020-Dec-08",1.05571401e+00,1.05824932e+00,1.06117740e+00,1.06315602e+00,1.06473032e+00,1.06608216e+00,1.06729713e+00,1.06842381e+00,1.06949365e+00,1.07052941e+00,1.07154941e+00,1.07257005e+00,1.07360779e+00,1.07468109e+00,1.07581296e+00,1.07703531e+00,1.07839755e+00,1.07998685e+00,1.08198877e+00,1.08496047e+00,1.08754237e+00,1.07154941e+00,1.07156991e+00,8.11966924e-03
"2020-Dec-09",1.04828732e+00,1.05079914e+00,1.05370009e+00,1.05566036e+00,1.05722005e+00,1.05855936e+00,1.05976306e+00,1.06087928e+00,1.06193919e+00,1.06296534e+00,1.06397586e+00,1.06498703e+00,1.06601514e+00,1.06707847e+00,1.06819982e+00,1.06941082e+00,1.07076039e+00,1.07233492e+00,1.07431823e+00,1.07726229e+00,1.07982016e+00,1.06397586e+00,1.06399614e+00,8.04428026e-03
"2020-Dec-10",1.04336991e+00,1.04586327e+00,1.04874289e+00,1.05068874e+00,1.05223696e+00,1.05356641e+00,1.05476125e+00,1.05586925e+00,1.05692135e+00,1.05793994e+00,1.05894301e+00,1.05994672e+00,1.06096725e+00,1.06202274e+00,1.06313582e+00,1.06433788e+00,1.06567750e+00,1.06724040e+00,1.06920906e+00,1.07213136e+00,1.07467032e+00,1.05894301e+00,1.05896308e+00,7.98498609e-03
"2020-Dec-11",1.04097748e+00,1.04345733e+00,1.04632133e+00,1.04825662e+00,1.04979642e+00,1.05111864e+00,1.05230698e+00,1.05340896e+00,1.05445533e+00,1.05546837e+00,1.05646598e+00,1.05746423e+00,1.05847919e+00,1.05952892e+00,1.06063593e+00,1.06183143e+00,1.06316373e+00,1.06471810e+00,1.06667600e+00,1.06958231e+00,1.07210737e+00,1.05646598e+00,1.05648588e+00,7.94148432e-03
"2020-Dec-12",1.04105716e+00,1.04352810e+00,1.04638180e+00,1.04831012e+00,1.04984437e+00,1.05116182e+00,1.05234587e+00,1.05344386e+00,1.05448645e+00,1.05549582e+00,1.05648982e+00,1.05748445e+00,1.05849573e+00,1.05954165e+00,1.06064464e+00,1.06183580e+00,1.06316325e+00,1.06471196e+00,1.06666273e+00,1.06955843e+00,1.07207426e+00,1.05648982e+00,1.05650958e+00,7.91271036e-03
"2020-Dec-13",1.04340954e+00,1.04587559e+00,1.04872362e+00,1.05064809e+00,1.05217928e+00,1.05349409e+00,1.05467576e+00,1.05577154e+00,1.05681204e+00,1.05781938e+00,1.05881137e+00,1.05980398e+00,1.06081322e+00,1.06185703e+00,1.06295778e+00,1.06414652e+00,1.06547127e+00,1.06701682e+00,1.06896360e+00,1.07185337e+00,1.07436403e+00,1.05881137e+00,1.05883100e+00,7.89673733e-03
"2020-Dec-14",1.04804361e+00,1.05050839e+00,1.05335493e+00,1.05527837e+00,1.05680874e+00,1.05812283e+00,1.05930386e+00,1.06039904e+00,1.06143896e+00,1.06244574e+00,1.06343718e+00,1.06442923e+00,1.06543790e+00,1.06648111e+00,1.06758123e+00,1.06876928e+00,1.07009327e+00,1.07163792e+00,1.07358356e+00,1.07647160e+00,1.07898074e+00,1.06343718e+00,1.06345670e+00,7.89230684e-03
"2020-Dec-15",1.05532223e+00,1.05778939e+00,1.06063864e+00,1.06256390e+00,1.06409570e+00,1.06541102e+00,1.06659315e+00,1.06768934e+00,1.06873022e+00,1.06973792e+00,1.07073026e+00,1.07172322e+00,1.07273280e+00,1.07377695e+00,1.07487806e+00,1.07606718e+00,1.07739234e+00,1.07893836e+00,1.08088570e+00,1.08377625e+00,1.08628755e+00,1.07073026e+00,1.07074969e+00,7.89949817e-03
"2020-Dec-16",1.06560443e+00,1.06807766e+00,1.07093388e+00,1.07286384e+00,1.07439936e+00,1.07571787e+00,1.07690285e+00,1.07800169e+00,1.07904507e+00,1.08005520e+00,1.08104992e+00,1.08204526e+00,1.08305725e+00,1.08410389e+00,1.08520762e+00,1.08639956e+00,1.08772787e+00,1.08927754e+00,1.09122947e+00,1.09412680e+00,1.09664395e+00,1.08104992e+00,1.08106926e+00,7.91842713e-03
"2020-Dec-17",1.07898079e+00,1.08146352e+00,1.08433069e+00,1.08626801e+00,1.08780938e+00,1.08913290e+00,1.09032237e+00,1.09142537e+00,1.09247270e+00,1.09348664e+00,1.09448511e+00,1.09548419e+00,1.09649999e+00,1.09755057e+00,1.09865843e+00,1.09985483e+00,1.10118810e+00,1.10274355e+00,1.10470274e+00,1.10761081e+00,1.11013725e+00,1.09448511e+00,1.09450435e+00,7.94826056e-03
"2020-Dec-18",1.09541398e+00,1.09790927e+00,1.10079088e+00,1.10273793e+00,1.10428703e+00,1.10561717e+00,1.10681259e+00,1.10792110e+00,1.10897364e+00,1.10999263e+00,1.11099606e+00,1.11200011e+00,1.11302094e+00,1.11407672e+00,1.11519006e+00,1.11639237e+00,1.11773222e+00,1.11929532e+00,1.12126413e+00,1.12418644e+00,1.12672522e+00,1.11099606e+00,1.11101521e+00,7.98774270e-03
"2020-Dec-19",1.11470233e+00,1.11721264e+00,1.12011155e+00,1.12207026e+00,1.12362861e+00,1.12496669e+00,1.12616923e+00,1.12728432e+00,1.12834312e+00,1.12936815e+00,1.13037754e+00,1.13138752e+00,1.13241439e+00,1.13347640e+00,1.13459631e+00,1.13580570e+00,1.13715343e+00,1.13872571e+00,1.14070605e+00,1.14364544e+00,1.14619901e+00,1.13037754e+00,1.13039657e+00,8.03504856e-03
"2020-Dec-20",1.13616211e+00,1.13868880e+00,1.14160656e+00,1.14357797e+00,1.14514641e+00,1.14649313e+00,1.14770343e+00,1.14882571e+00,1.14989132e+00,1.15092294e+00,1.15193880e+00,1.15295527e+00,1.15398872e+00,1.15505752e+00,1.15618459e+00,1.15740169e+00,1.15875800e+00,1.16034029e+00,1.16233320e+00,1.16529120e+00,1.16786087e+00,1.15193880e+00,1.15195773e+00,8.08660285e-03
"2020-Dec-21",1.15862167e+00,1.16116442e+00,1.16410066e+00,1.16608452e+00,1.16766284e+00,1.16901803e+00,1.17023593e+00,1.17136525e+00,1.17243753e+00,1.17347560e+00,1.17449781e+00,1.17552062e+00,1.17656051e+00,1.17763596e+00,1.17877003e+00,1.17999469e+00,1.18135941e+00,1.18295148e+00,1.18495669e+00,1.18793289e+00,1.19051832e+00,1.17449781e+00,1.17451660e+00,8.13708351e-03
"2020-Dec-22",1.18057637e+00,1.18313283e+00,1.18608485e+00,1.18807933e+00,1.18966608e+00,1.19102850e+00,1.19225288e+00,1.19338819e+00,1.19446617e+00,1.19550973e+00,1.19653735e+00,1.19756555e+00,1.19861093e+00,1.19969204e+00,1.20083208e+00,1.20206316e+00,1.20343502e+00,1.20503541e+00,1.20705108e+00,1.21004274e+00,1.21264155e+00,1.19653735e+00,1.19655599e+00,8.18007706e-03
"2020-Dec-23",1.20032568e+00,1.20289136e+00,1.20585396e+00,1.20785557e+00,1.20944796e+00,1.21081520e+00,1.21204391e+00,1.21318323e+00,1.21426499e+00,1.21531222e+00,1.21634344e+00,1.21737524e+00,1.21842426e+00,1.21950914e+00,1.22065313e+00,1.22188848e+00,1.22326508e+00,1.22487099e+00,1.22689357e+00,1.22989544e+00,1.23250307e+00,1.21634344e+00,1.21636191e+00,8.20870313e-03
"2020-Dec-24",1.21628803e+00,1.21885649e+00,1.22182226e+00,1.22382597e+00,1.22542001e+00,1.22678866e+00,1.22801863e+00,1.22915910e+00,1.23024195e+00,1.23129023e+00,1.23232247e+00,1.23335528e+00,1.23440533e+00,1.23549126e+00,1.23663636e+00,1.23787289e+00,1.23925080e+00,1.24085820e+00,1.24288266e+00,1.24588726e+00,1.24849722e+00,1.23232247e+00,1.23234073e+00,8.21681432e-03
"2020-Dec-25",1.22729539e+00,1.22985885e+00,1.23281879e+00,1.23481853e+00,1.23640940e+00,1.23777531e+00,1.23900280e+00,1.24014098e+00,1.24122165e+00,1.24226780e+00,1.24329794e+00,1.24432865e+00,1.24537655e+00,1.24646025e+00,1.24760299e+00,1.24883697e+00,1.25021202e+00,1.25181608e+00,1.25383631e+00,1.25683458e+00,1.25943900e+00,1.24329794e+00,1.24331597e+00,8.20008280e-03
"2020-Dec-26",1.23256050e+00,1.23511037e+00,1.23805458e+00,1.24004366e+00,1.24162604e+00,1.24298465e+00,1.24420558e+00,1.24533766e+00,1.24641252e+00,1.24745306e+00,1.24847766e+00,1.24950283e+00,1.25054508e+00,1.25162294e+00,1.25275952e+00,1.25398683e+00,1.25535444e+00,1.25694982e+00,1.25895908e+00,1.26194105e+00,1.26453127e+00,1.24847766e+00,1.24849542e+00,8.15598786e-03
"2020-Dec-27",1.23169324e+00,1.23422076e+00,1.23713911e+00,1.23911070e+00,1.24067916e+00,1.24202581e+00,1.24323597e+00,1.24435807e+00,1.24542346e+00,1.24645481e+00,1.24747037e+00,1.24848648e+00,1.24951952e+00,1.25058785e+00,1.25171437e+00,1.25293082e+00,1.25428632e+00,1.25586755e+00,1.25785899e+00,1.26081447e+00,1.26338165e+00,1.24747037e+00,1.24748783e+00,8.08395647e-03
"2020-Dec-28",1.22506891e+00,1.22756610e+00,1.23044941e+00,1.23239732e+00,1.23394692e+00,1.23527738e+00,1.23647299e+00,1.23758158e+00,1.23863414e+00,1.23965308e+00,1.24065640e+00,1.24166027e+00,1.24268086e+00,1.24373631e+00,1.24484924e+00,1.24605101e+00,1.24739015e+00,1.24895230e+00,1.25091968e+00,1.25383943e+00,1.25637556e+00,1.24065640e+00,1.24067354e+00,7.98656568e-03
"2020-Dec-29",1.21370629e+00,1.21616683e+00,1.21900780e+00,1.22092709e+00,1.22245392e+00,1.22376481e+00,1.22494284e+00,1.22603513e+00,1.22707221e+00,1.22807615e+00,1.22906470e+00,1.23005379e+00,1.23105936e+00,1.23209926e+00,1.23319580e+00,1.23437987e+00,1.23569928e+00,1.23723840e+00,1.23917677e+00,1.24205345e+00,1.24455214e+00,1.22906470e+00,1.22908150e+00,7.86901270e-03
"2020-Dec-30",1.19870680e+00,1.20112617e+00,1.20391959e+00,1.20580675e+00,1.20730800e+00,1.20859694e+00,1.20975523e+00,1.21082921e+00,1.21184891e+00,1.21283602e+00,1.21380801e+00,1.21478051e+00,1.21576922e+00,1.21679169e+00,1.21786983e+00,1.21903404e+00,1.22033130e+00,1.22184459e+00,1.22375043e+00,1.22657880e+00,1.22903552e+00,1.21380801e+00,1.21382445e+00,7.73708779e-03
"2020-Dec-31",1.18124493e+00,1.18362053e+00,1.18636340e+00,1.18821640e+00,1.18969047e+00,1.19095607e+00,1.19209338e+00,1.19314792e+00,1.19414915e+00,1.19511838e+00,1.19607275e+00,1.19702764e+00,1.19799842e+00,1.19900236e+00,1.20006097e+00,1.20120407e+00,1.20247782e+00,1.20396366e+00,1.20583493e+00,1.20861200e+00,1.21102414e+00,1.19607275e+00,1.19608884e+00,7.59690437e-03
"2021-Jan-01",1.16267027e+00,1.16500155e+00,1.16769324e+00,1.16951165e+00,1.17095821e+00,1.17220018e+00,1.17331626e+00,1.17435110e+00,1.17533363e+00,1.17628476e+00,1.17722131e+00,1.17815836e+00,1.17911101e+00,1.18009619e+00,1.18113502e+00,1.18225676e+00,1.18350670e+00,1.18496478e+00,1.18680107e+00,1.18952622e+00,1.19189325e+00,1.17722131e+00,1.17723705e+00,7.45500671e-03
"2021-Jan-02",1.14429377e+00,1.14658210e+00,1.14922418e+00,1.15100907e+00,1.15242897e+00,1.15364804e+00,1.15474354e+00,1.15575930e+00,1.15672371e+00,1.15765730e+00,1.15857658e+00,1.15949634e+00,1.16043142e+00,1.16139842e+00,1.16241808e+00,1.16351913e+00,1.16474601e+00,1.16617717e+00,1.16797957e+00,1.17065441e+00,1.17297774e+00,1.15857658e+00,1.15859198e+00,7.31749859e-03
"2021-Jan-03",1.12704703e+00,1.12929515e+00,1.13189081e+00,1.13364434e+00,1.13503927e+00,1.13623692e+00,1.13731316e+00,1.13831106e+00,1.13925851e+00,1.14017568e+00,1.14107879e+00,1.14198238e+00,1.14290101e+00,1.14385101e+00,1.14485273e+00,1.14593441e+00,1.14713970e+00,1.14854568e+00,1.15031636e+00,1.15294412e+00,1.15522655e+00,1.14107879e+00,1.14109389e+00,7.18881014e-03
"2021-Jan-04",1.11149444e+00,1.11370599e+00,1.11625939e+00,1.11798437e+00,1.11935660e+00,1.12053474e+00,1.12159345e+00,1.12257510e+00,1.12350712e+00,1.12440935e+00,1.12529775e+00,1.12618661e+00,1.12709027e+00,1.12802479e+00,1.12901019e+00,1.13007423e+00,1.13125988e+00,1.13264294e+00,1.13438476e+00,1.13696966e+00,1.13921486e+00,1.12529775e+00,1.12531256e+00,7.07168870e-03
"2021-Jan-05",1.09812384e+00,1.10030305e+00,1.10281912e+00,1.10451886e+00,1.10587101e+00,1.10703191e+00,1.10807513e+00,1.10904242e+00,1.10996080e+00,1.11084982e+00,1.11172521e+00,1.11260106e+00,1.11349150e+00,1.11441233e+00,1.11538330e+00,1.11643175e+00,1.11760004e+00,1.11896284e+00,1.12067913e+00,1.12322615e+00,1.12543844e+00,1.11172521e+00,1.11173977e+00,6.96816168e-03
"2021-Jan-06",1.08722961e+00,1.08938105e+00,1.09186505e+00,1.09354312e+00,1.09487803e+00,1.09602413e+00,1.09705404e+00,1.09800898e+00,1.09891564e+00,1.09979332e+00,1.10065754e+00,1.10152221e+00,1.10240128e+00,1.10331036e+00,1.10426893e+00,1.10530400e+00,1.10645736e+00,1.10780275e+00,1.10949711e+00,1.11201158e+00,1.11419559e+00,1.10065754e+00,1.10067187e+00,6.87922631e-03
"2021-Jan-07",1.07893753e+00,1.08106580e+00,1.08352304e+00,1.08518303e+00,1.08650355e+00,1.08763729e+00,1.08865609e+00,1.08960073e+00,1.09049761e+00,1.09136582e+00,1.09222072e+00,1.09307606e+00,1.09394563e+00,1.09484489e+00,1.09579311e+00,1.09681700e+00,1.09795791e+00,1.09928876e+00,1.10096481e+00,1.10345210e+00,1.10561248e+00,1.09222072e+00,1.09223485e+00,6.80498350e-03
"2021-Jan-08",1.07338141e+00,1.07549107e+00,1.07792680e+00,1.07957225e+00,1.08088120e+00,1.08200500e+00,1.08301488e+00,1.08395124e+00,1.08484025e+00,1.08570084e+00,1.08654823e+00,1.08739607e+00,1.08825801e+00,1.08914938e+00,1.09008927e+00,1.09110417e+00,1.09223504e+00,1.09355420e+00,1.09521552e+00,1.09768093e+00,1.09982229e+00,1.08654823e+00,1.08656219e+00,6.74526827e-03
"2021-Jan-09",1.07065399e+00,1.07274943e+00,1.07516872e+00,1.07680307e+00,1.07810317e+00,1.07921938e+00,1.08022243e+00,1.08115245e+00,1.08203545e+00,1.08289022e+00,1.08373188e+00,1.08457397e+00,1.08543007e+00,1.08631540e+00,1.08724892e+00,1.08825693e+00,1.08938014e+00,1.09069035e+00,1.09234038e+00,1.09478903e+00,1.09691583e+00,1.08373188e+00,1.08374568e+00,6.69959436e-03
"2021-Jan-10",1.07085586e+00,1.07294129e+00,1.07534903e+00,1.07697556e+00,1.07826944e+00,1.07938030e+00,1.08037853e+00,1.08130410e+00,1.08218286e+00,1.08303352e+00,1.08387113e+00,1.08470917e+00,1.08556116e+00,1.08644222e+00,1.08737125e+00,1.08837440e+00,1.08949219e+00,1.09079607e+00,1.09243813e+00,1.09487494e+00,1.09699144e+00,1.08387113e+00,1.08388480e+00,6.66738567e-03
"2021-Jan-11",1.07415244e+00,1.07623197e+00,1.07863286e+00,1.08025475e+00,1.08154493e+00,1.08265262e+00,1.08364799e+00,1.08457090e+00,1.08544714e+00,1.08629536e+00,1.08713056e+00,1.08796619e+00,1.08881572e+00,1.08969424e+00,1.09062058e+00,1.09162083e+00,1.09273539e+00,1.09403549e+00,1.09567278e+00,1.09810248e+00,1.10021280e+00,1.08713056e+00,1.08714411e+00,6.64819547e-03
"2021-Jan-12",1.08066258e+00,1.08274009e+00,1.08513862e+00,1.08675891e+00,1.08804780e+00,1.08915438e+00,1.09014875e+00,1.09107073e+00,1.09194608e+00,1.09279343e+00,1.09362778e+00,1.09446255e+00,1.09531121e+00,1.09618882e+00,1.09711420e+00,1.09811342e+00,1.09922680e+00,1.10052554e+00,1.10216110e+00,1.10458822e+00,1.10669627e+00,1.09362778e+00,1.09364123e+00,6.64139019e-03
"2021-Jan-13",1.09019176e+00,1.09227063e+00,1.09467071e+00,1.09629202e+00,1.09758173e+00,1.09868899e+00,1.09968398e+00,1.10060652e+00,1.10148240e+00,1.10233027e+00,1.10316511e+00,1.10400038e+00,1.10484954e+00,1.10572767e+00,1.10665359e+00,1.10765338e+00,1.10876740e+00,1.11006687e+00,1.11170335e+00,1.11413180e+00,1.11624098e+00,1.10316511e+00,1.10317846e+00,6.64535216e-03
"2021-Jan-14",1.10213845e+00,1.10422117e+00,1.10662567e+00,1.10824994e+00,1.10954200e+00,1.11065127e+00,1.11164806e+00,1.11257226e+00,1.11344972e+00,1.11429910e+00,1.11513545e+00,1.11597221e+00,1.11682287e+00,1.11770256e+00,1.11863012e+00,1.11963168e+00,1.12074766e+00,1.12204941e+00,1.12368874e+00,1.12612141e+00,1.12823422e+00,1.11513545e+00,1.11514869e+00,6.65722881e-03
"2021-Jan-15",1.11568255e+00,1.11777052e+00,1.12018104e+00,1.12180937e+00,1.12310464e+00,1.12421666e+00,1.12521592e+00,1.12614241e+00,1.12702202e+00,1.12787350e+00,1.12871189e+00,1.12955070e+00,1.13040345e+00,1.13128528e+00,1.13221509e+00,1.13321908e+00,1.13433777e+00,1.13564266e+00,1.13728594e+00,1.13972443e+00,1.14184228e+00,1.12871189e+00,1.12872504e+00,6.67354430e-03
"2021-Jan-16",1.12980850e+00,1.13190186e+00,1.13431857e+00,1.13595106e+00,1.13724963e+00,1.13836448e+00,1.13936626e+00,1.14029509e+00,1.14117693e+00,1.14203054e+00,1.14287104e+00,1.14371196e+00,1.14456684e+00,1.14545087e+00,1.14638300e+00,1.14738949e+00,1.14851095e+00,1.14981907e+00,1.15146640e+00,1.15391087e+00,1.15603389e+00,1.14287104e+00,1.14288410e+00,6.69029264e-03
"2021-Jan-17",1.14318569e+00,1.14528305e+00,1.14770436e+00,1.14933993e+00,1.15064093e+00,1.15175786e+00,1.15276152e+00,1.15369208e+00,1.15457555e+00,1.15543074e+00,1.15627279e+00,1.15711525e+00,1.15797170e+00,1.15885735e+00,1.15979119e+00,1.16079950e+00,1.16192300e+00,1.16323348e+00,1.16488377e+00,1.16733261e+00,1.16945939e+00,1.15627279e+00,1.15628574e+00,6.70261607e-03
"2021-Jan-18",1.15428385e+00,1.15638216e+00,1.15880453e+00,1.16044080e+00,1.16174236e+00,1.16285975e+00,1.16386382e+00,1.16479475e+00,1.16567858e+00,1.16653411e+00,1.16737649e+00,1.16821927e+00,1.16907605e+00,1.16996204e+00,1.17089622e+00,1.17190491e+00,1.17302881e+00,1.17433976e+00,1.17599062e+00,1.17844029e+00,1.18056776e+00,1.16737649e+00,1.16738933e+00,6.70522057e-03
"2021-Jan-19",1.16167799e+00,1.16377271e+00,1.16619091e+00,1.16782434e+00,1.16912364e+00,1.17023908e+00,1.17124139e+00,1.17217069e+00,1.17305296e+00,1.17390699e+00,1.17474788e+00,1.17558917e+00,1.17644443e+00,1.17732884e+00,1.17826136e+00,1.17926824e+00,1.18039013e+00,1.18169873e+00,1.18334661e+00,1.18579184e+00,1.18791543e+00,1.17474788e+00,1.17476059e+00,6.69336567e-03
"2021-Jan-20",1.16429672e+00,1.16638223e+00,1.16878979e+00,1.17041602e+00,1.17170958e+00,1.17282010e+00,1.17381797e+00,1.17474316e+00,1.17562152e+00,1.17647176e+00,1.17730892e+00,1.17814648e+00,1.17899793e+00,1.17987841e+00,1.18080678e+00,1.18180918e+00,1.18292607e+00,1.18422883e+00,1.18586935e+00,1.18830364e+00,1.19041771e+00,1.17730892e+00,1.17732149e+00,6.66365856e-03
"2021-Jan-21",1.16175809e+00,1.16382846e+00,1.16621852e+00,1.16783293e+00,1.16911707e+00,1.17021950e+00,1.17121011e+00,1.17212855e+00,1.17300051e+00,1.17384455e+00,1.17467560e+00,1.17550705e+00,1.17635229e+00,1.17722634e+00,1.17814793e+00,1.17914301e+00,1.18025173e+00,1.18154496e+00,1.18317348e+00,1.18558993e+00,1.18768851e+00,1.17467560e+00,1.17468802e+00,6.61504253e-03
"2021-Jan-22",1.15439098e+00,1.15644069e+00,1.15880688e+00,1.16040516e+00,1.16167647e+00,1.16276788e+00,1.16374859e+00,1.16465785e+00,1.16552109e+00,1.16635668e+00,1.16717942e+00,1.16800255e+00,1.16883934e+00,1.16970464e+00,1.17061700e+00,1.17160211e+00,1.17269973e+00,1.17398000e+00,1.17559220e+00,1.17798444e+00,1.18006197e+00,1.16717942e+00,1.16719167e+00,6.54886061e-03
"2021-Jan-23",1.14297489e+00,1.14499936e+00,1.14733641e+00,1.14891501e+00,1.15017066e+00,1.15124862e+00,1.15221724e+00,1.15311530e+00,1.15396789e+00,1.15479319e+00,1.15560579e+00,1.15641877e+00,1.15724524e+00,1.15809987e+00,1.15900098e+00,1.15997394e+00,1.16105802e+00,1.16232250e+00,1.16391481e+00,1.16627752e+00,1.16832941e+00,1.15560579e+00,1.15561786e+00,6.46812619e-03
"2021-Jan-24",1.12864225e+00,1.13063828e+00,1.13294251e+00,1.13449893e+00,1.13573694e+00,1.13679976e+00,1.13775477e+00,1.13864020e+00,1.13948082e+00,1.14029452e+00,1.14109570e+00,1.14189725e+00,1.14271210e+00,1.14355472e+00,1.14444316e+00,1.14540245e+00,1.14647128e+00,1.14771799e+00,1.14928790e+00,1.15161739e+00,1.15364042e+00,1.14109570e+00,1.14110758e+00,6.37721931e-03
"2021-Jan-25",1.11276028e+00,1.11472636e+00,1.11699599e+00,1.11852905e+00,1.11974847e+00,1.12079533e+00,1.12173600e+00,1.12260814e+00,1.12343614e+00,1.12423762e+00,1.12502676e+00,1.12581628e+00,1.12661889e+00,1.12744886e+00,1.12832396e+00,1.12926884e+00,1.13032162e+00,1.13154960e+00,1.13309594e+00,1.13539043e+00,1.13738307e+00,1.12502676e+00,1.12503846e+00,6.28145584e-03
"2021-Jan-26",1.09690810e+00,1.09884458e+00,1.10108004e+00,1.10259001e+00,1.10379107e+00,1.10482217e+00,1.10574867e+00,1.10660768e+00,1.10742321e+00,1.10821262e+00,1.10898988e+00,1.10976750e+00,1.11055803e+00,1.11137549e+00,1.11223741e+00,1.11316806e+00,1.11420499e+00,1.11541446e+00,1.11693751e+00,1.11919743e+00,1.12116005e+00,1.10898988e+00,1.10900138e+00,6.18685186e-03
"2021-Jan-27",1.08246919e+00,1.08437812e+00,1.08658177e+00,1.08807024e+00,1.08925421e+00,1.09027063e+00,1.09118395e+00,1.09203072e+00,1.09283464e+00,1.09361281e+00,1.09437901e+00,1.09514556e+00,1.09592483e+00,1.09673066e+00,1.09758030e+00,1.09849770e+00,1.09951986e+00,1.10071211e+00,1.10221347e+00,1.10444120e+00,1.10637586e+00,1.09437901e+00,1.09439034e+00,6.09876854e-03
"2021-Jan-28",1.07034118e+00,1.07222575e+00,1.07440129e+00,1.07587078e+00,1.07703964e+00,1.07804309e+00,1.07894475e+00,1.07978072e+00,1.08057438e+00,1.08134262e+00,1.08209903e+00,1.08285580e+00,1.08362513e+00,1.08442066e+00,1.08525946e+00,1.08616514e+00,1.08717425e+00,1.08835128e+00,1.08983346e+00,1.09203274e+00,1.09394269e+00,1.08209903e+00,1.08211020e+00,6.02091974e-03
"2021-Jan-29",1.06114939e+00,1.06301363e+00,1.06516569e+00,1.06661932e+00,1.06777555e+00,1.06876817e+00,1.06966009e+00,1.07048704e+00,1.07127212e+00,1.07203206e+00,1.07278030e+00,1.07352889e+00,1.07428990e+00,1.07507684e+00,1.07590657e+00,1.07680246e+00,1.07780067e+00,1.07896497e+00,1.08043112e+00,1.08260661e+00,1.08449589e+00,1.07278030e+00,1.07279132e+00,5.95586467e-03
"2021-Jan-30",1.05531753e+00,1.05716593e+00,1.05929971e+00,1.06074097e+00,1.06188738e+00,1.06287156e+00,1.06375589e+00,1.06457580e+00,1.06535420e+00,1.06610767e+00,1.06684955e+00,1.06759177e+00,1.06834630e+00,1.06912653e+00,1.06994920e+00,1.07083746e+00,1.07182715e+00,1.07298153e+00,1.07443518e+00,1.07659212e+00,1.07846528e+00,1.06684955e+00,1.06686044e+00,5.90516298e-03
"2021-Jan-31",1.05301294e+00,1.05485015e+00,1.05697097e+00,1.05840349e+00,1.05954294e+00,1.06052113e+00,1.06140009e+00,1.06221501e+00,1.06298868e+00,1.06373757e+00,1.06447493e+00,1.06521263e+00,1.06596256e+00,1.06673804e+00,1.06755570e+00,1.06843854e+00,1.06942220e+00,1.07056954e+00,1.07201431e+00,1.07415808e+00,1.07601979e+00,1.06447493e+00,1.06448571e+00,5.86921573e-03
"2021-Feb-01",1.05394886e+00,1.05577909e+00,1.05789185e+00,1.05931892e+00,1.06045402e+00,1.06142848e+00,1.06230408e+00,1.06311589e+00,1.06388660e+00,1.06463263e+00,1.06536717e+00,1.06610204e+00,1.06684910e+00,1.06762161e+00,1.06843613e+00,1.06931558e+00,1.07029547e+00,1.07143839e+00,1.07287761e+00,1.07501312e+00,1.07686764e+00,1.06536717e+00,1.06537786e+00,5.84675189e-03
"2021-Feb-02",1.05740833e+00,1.05923494e+00,1.06134352e+00,1.06276775e+00,1.06390059e+00,1.06487311e+00,1.06574696e+00,1.06655715e+00,1.06732632e+00,1.06807084e+00,1.06880391e+00,1.06953730e+00,1.07028286e+00,1.07105382e+00,1.07186669e+00,1.07274437e+00,1.07372226e+00,1.07486287e+00,1.07629917e+00,1.07843033e+00,1.08028106e+00,1.06880391e+00,1.06881452e+00,5.83500312e-03
"2021-Feb-03",1.06251643e+00,1.06434173e+00,1.06644877e+00,1.06787196e+00,1.06900396e+00,1.06997576e+00,1.07084896e+00,1.07165854e+00,1.07242713e+00,1.07317110e+00,1.07390361e+00,1.07463645e+00,1.07538144e+00,1.07615181e+00,1.07696406e+00,1.07784106e+00,1.07881821e+00,1.07995793e+00,1.08139311e+00,1.08352259e+00,1.08537186e+00,1.07390361e+00,1.07391416e+00,5.83059025e-03
"2021-Feb-04",1.06832340e+00,1.07014853e+00,1.07225537e+00,1.07367841e+00,1.07481030e+00,1.07578199e+00,1.07665510e+00,1.07746458e+00,1.07823308e+00,1.07897696e+00,1.07970937e+00,1.08044212e+00,1.08118702e+00,1.08195728e+00,1.08276942e+00,1.08364631e+00,1.08462332e+00,1.08576288e+00,1.08719784e+00,1.08932699e+00,1.09117597e+00,1.07970937e+00,1.07971987e+00,5.82985964e-03
"2021-Feb-05",1.07382049e+00,1.07564542e+00,1.07775202e+00,1.07917488e+00,1.08030662e+00,1.08127818e+00,1.08215117e+00,1.08296055e+00,1.08372894e+00,1.08447271e+00,1.08520502e+00,1.08593766e+00,1.08668245e+00,1.08745260e+00,1.08826461e+00,1.08914136e+00,1.09011821e+00,1.09125758e+00,1.09269231e+00,1.09482109e+00,1.09666973e+00,1.08520502e+00,1.08521546e+00,5.82900990e-03
"2021-Feb-06",1.07810087e+00,1.07992447e+00,1.08202953e+00,1.08345135e+00,1.08458225e+00,1.08555309e+00,1.08642543e+00,1.08723420e+00,1.08800202e+00,1.08874523e+00,1.08947699e+00,1.09020908e+00,1.09095330e+00,1.09172287e+00,1.09253426e+00,1.09341034e+00,1.09438644e+00,1.09552494e+00,1.09695855e+00,1.09908568e+00,1.10093287e+00,1.08947699e+00,1.08948737e+00,5.82461238e-03
"2021-Feb-07",1.08054470e+00,1.08236510e+00,1.08446643e+00,1.08588573e+00,1.08701463e+00,1.08798375e+00,1.08885454e+00,1.08966187e+00,1.09042831e+00,1.09117020e+00,1.09190066e+00,1.09263144e+00,1.09337432e+00,1.09414251e+00,1.09495245e+00,1.09582695e+00,1.09680130e+00,1.09793775e+00,1.09936878e+00,1.10149206e+00,1.10333590e+00,1.09190066e+00,1.09191098e+00,5.81420365e-03
"2021-Feb-08",1.08079265e+00,1.08260748e+00,1.08470238e+00,1.08611732e+00,1.08724276e+00,1.08820890e+00,1.08907701e+00,1.08988185e+00,1.09064594e+00,1.09138555e+00,1.09211375e+00,1.09284228e+00,1.09358287e+00,1.09434869e+00,1.09515613e+00,1.09602793e+00,1.09699927e+00,1.09813221e+00,1.09955881e+00,1.10167551e+00,1.10351364e+00,1.09211375e+00,1.09212400e+00,5.79629108e-03
"2021-Feb-09",1.07871136e+00,1.08051808e+00,1.08260361e+00,1.08401223e+00,1.08513263e+00,1.08609444e+00,1.08695867e+00,1.08775991e+00,1.08852057e+00,1.08925686e+00,1.08998180e+00,1.09070706e+00,1.09144433e+00,1.09220671e+00,1.09301053e+00,1.09387842e+00,1.09484539e+00,1.09597324e+00,1.09739343e+00,1.09950062e+00,1.10133047e+00,1.08998180e+00,1.08999198e+00,5.77030057e-03
"2021-Feb-10",1.07448207e+00,1.07627832e+00,1.07835177e+00,1.07975223e+00,1.08086613e+00,1.08182237e+00,1.08268158e+00,1.08347817e+00,1.08423442e+00,1.08496644e+00,1.08568717e+00,1.08640822e+00,1.08714122e+00,1.08789917e+00,1.08869832e+00,1.08956117e+00,1.09052253e+00,1.09164383e+00,1.09305576e+00,1.09515070e+00,1.09696991e+00,1.08568717e+00,1.08569728e+00,5.73681455e-03
"2021-Feb-11",1.06857791e+00,1.07036187e+00,1.07242112e+00,1.07381197e+00,1.07491824e+00,1.07586793e+00,1.07672125e+00,1.07751238e+00,1.07826345e+00,1.07899045e+00,1.07970624e+00,1.08042234e+00,1.08115031e+00,1.08190307e+00,1.08269673e+00,1.08355366e+00,1.08450843e+00,1.08562203e+00,1.08702427e+00,1.08910483e+00,1.09091155e+00,1.07970624e+00,1.07971626e+00,5.69747495e-03
"2021-Feb-12",1.06156937e+00,1.06333984e+00,1.06538353e+00,1.06676387e+00,1.06786178e+00,1.06880428e+00,1.06965115e+00,1.07043630e+00,1.07118169e+00,1.07190319e+00,1.07261357e+00,1.07332426e+00,1.07404672e+00,1.07479379e+00,1.07558145e+00,1.07643190e+00,1.07737944e+00,1.07848461e+00,1.07987625e+00,1.08194106e+00,1.08373411e+00,1.07261357e+00,1.07262351e+00,5.65438887e-03
"2021-Feb-13",1.05396033e+00,1.05571679e+00,1.05774429e+00,1.05911371e+00,1.06020292e+00,1.06113796e+00,1.06197812e+00,1.06275705e+00,1.06349653e+00,1.06421232e+00,1.06491707e+00,1.06562213e+00,1.06633887e+00,1.06708001e+00,1.06786144e+00,1.06870514e+00,1.06964518e+00,1.07074159e+00,1.07212220e+00,1.07417065e+00,1.07594948e+00,1.06491707e+00,1.06492692e+00,5.60959345e-03
"2021-Feb-14",1.04627703e+00,1.04801959e+00,1.05003105e+00,1.05138963e+00,1.05247022e+00,1.05339787e+00,1.05423138e+00,1.05500415e+00,1.05573778e+00,1.05644790e+00,1.05714707e+00,1.05784655e+00,1.05855762e+00,1.05929289e+00,1.06006813e+00,1.06090516e+00,1.06183775e+00,1.06292549e+00,1.06429517e+00,1.06632740e+00,1.06809214e+00,1.05714707e+00,1.05715684e+00,5.56519628e-03
"2021-Feb-15",1.03906039e+00,1.04078983e+00,1.04278615e+00,1.04413450e+00,1.04520695e+00,1.04612760e+00,1.04695484e+00,1.04772179e+00,1.04844989e+00,1.04915467e+00,1.04984857e+00,1.05054278e+00,1.05124849e+00,1.05197823e+00,1.05274763e+00,1.05357835e+00,1.05450391e+00,1.05558345e+00,1.05694281e+00,1.05895972e+00,1.06071117e+00,1.04984857e+00,1.04985826e+00,5.52327337e-03
"2021-Feb-16",1.03267731e+00,1.03439487e+00,1.03637747e+00,1.03771655e+00,1.03878164e+00,1.03969596e+00,1.04051752e+00,1.04127919e+00,1.04200229e+00,1.04270222e+00,1.04339135e+00,1.04408079e+00,1.04478165e+00,1.04550637e+00,1.04627048e+00,1.04709549e+00,1.04801468e+00,1.04908680e+00,1.05043681e+00,1.05243985e+00,1.05417924e+00,1.04339135e+00,1.04340096e+00,5.48530079e-03
"2021-Feb-17",1.02730284e+00,1.02901001e+00,1.03098060e+00,1.03231158e+00,1.03337021e+00,1.03427900e+00,1.03509557e+00,1.03585264e+00,1.03657136e+00,1.03726704e+00,1.03795200e+00,1.03863726e+00,1.03933387e+00,1.04005420e+00,1.04081368e+00,1.04163369e+00,1.04254731e+00,1.04361293e+00,1.04495475e+00,1.04694565e+00,1.04867450e+00,1.03795200e+00,1.03796155e+00,5.45206615e-03
"2021-Feb-18",1.02307387e+00,1.02477228e+00,1.02673277e+00,1.02805691e+00,1.02911011e+00,1.03001424e+00,1.03082662e+00,1.03157980e+00,1.03229483e+00,1.03298694e+00,1.03366839e+00,1.03435013e+00,1.03504316e+00,1.03575979e+00,1.03651537e+00,1.03733117e+00,1.03824010e+00,1.03930024e+00,1.04063517e+00,1.04261583e+00,1.04433580e+00,1.03366839e+00,1.03367787e+00,5.42407427e-03
"2021-Feb-19",1.02011954e+00,1.02181094e+00,1.02376334e+00,1.02508202e+00,1.02613087e+00,1.02703126e+00,1.02784029e+00,1.02859035e+00,1.02930242e+00,1.02999168e+00,1.03067030e+00,1.03134923e+00,1.03203939e+00,1.03275306e+00,1.03350551e+00,1.03431794e+00,1.03522311e+00,1.03627887e+00,1.03760827e+00,1.03958073e+00,1.04129357e+00,1.03067030e+00,1.03067974e+00,5.40165018e-03
"2021-Feb-20",1.01841637e+00,1.02010244e+00,1.02204869e+00,1.02336320e+00,1.02440875e+00,1.02530630e+00,1.02611277e+00,1.02686046e+00,1.02757029e+00,1.02825737e+00,1.02893385e+00,1.02961063e+00,1.03029861e+00,1.03101002e+00,1.03176009e+00,1.03256995e+00,1.03347226e+00,1.03452467e+00,1.03584986e+00,1.03781608e+00,1.03952349e+00,1.02893385e+00,1.02894324e+00,5.38457960e-03
"2021-Feb-21",1.01777671e+00,1.01945890e+00,1.02140065e+00,1.02271213e+00,1.02375526e+00,1.02465073e+00,1.02545534e+00,1.02620131e+00,1.02690949e+00,1.02759498e+00,1.02826989e+00,1.02894510e+00,1.02963149e+00,1.03034125e+00,1.03108959e+00,1.03189756e+00,1.03279778e+00,1.03384775e+00,1.03516986e+00,1.03713151e+00,1.03883495e+00,1.02826989e+00,1.02827925e+00,5.37210940e-03
"2021-Feb-22",1.01799255e+00,1.01967201e+00,1.02161063e+00,1.02291998e+00,1.02396142e+00,1.02485544e+00,1.02565875e+00,1.02640350e+00,1.02711053e+00,1.02779490e+00,1.02846872e+00,1.02914283e+00,1.02982811e+00,1.03053671e+00,1.03128383e+00,1.03209048e+00,1.03298923e+00,1.03403749e+00,1.03535744e+00,1.03731588e+00,1.03901652e+00,1.02846872e+00,1.02847804e+00,5.36337070e-03
"2021-Feb-23",1.01890440e+00,1.02058208e+00,1.02251862e+00,1.02382658e+00,1.02486691e+00,1.02575997e+00,1.02656241e+00,1.02730637e+00,1.02801264e+00,1.02869628e+00,1.02936937e+00,1.03004275e+00,1.03072729e+00,1.03143513e+00,1.03218144e+00,1.03298722e+00,1.03388500e+00,1.03493212e+00,1.03625064e+00,1.03820695e+00,1.03990575e+00,1.02936937e+00,1.02937866e+00,5.35759784e-03
"2021-Feb-24",1.02017493e+00,1.02185137e+00,1.02378647e+00,1.02509345e+00,1.02613299e+00,1.02702539e+00,1.02782723e+00,1.02857062e+00,1.02927637e+00,1.02995949e+00,1.03063207e+00,1.03130495e+00,1.03198897e+00,1.03269627e+00,1.03344201e+00,1.03424719e+00,1.03514428e+00,1.03619061e+00,1.03750813e+00,1.03946294e+00,1.04116043e+00,1.03063207e+00,1.03064134e+00,5.35355466e-03
"2021-Feb-25",1.02109111e+00,1.02276615e+00,1.02469964e+00,1.02600553e+00,1.02704420e+00,1.02793585e+00,1.02873701e+00,1.02947978e+00,1.03018493e+00,1.03086748e+00,1.03153949e+00,1.03221180e+00,1.03289524e+00,1.03360195e+00,1.03434706e+00,1.03515155e+00,1.03604789e+00,1.03709332e+00,1.03840972e+00,1.04036286e+00,1.04205891e+00,1.03153949e+00,1.03154874e+00,5.34903818e-03
"2021-Feb-26",1.02182102e+00,1.02349456e+00,1.02542630e+00,1.02673102e+00,1.02776875e+00,1.02865959e+00,1.02946003e+00,1.03020213e+00,1.03090664e+00,1.03158857e+00,1.03225997e+00,1.03293167e+00,1.03361449e+00,1.03432056e+00,1.03506499e+00,1.03586875e+00,1.03676426e+00,1.03780875e+00,1.03912394e+00,1.04107530e+00,1.04276978e+00,1.03225997e+00,1.03226920e+00,5.34418179e-03
"2021-Feb-27",1.02217105e+00,1.02384274e+00,1.02577235e+00,1.02707562e+00,1.02811220e+00,1.02900205e+00,1.02980161e+00,1.03054288e+00,1.03124661e+00,1.03192777e+00,1.03259843e+00,1.03326939e+00,1.03395144e+00,1.03465672e+00,1.03540032e+00,1.03620318e+00,1.03709770e+00,1.03814101e+00,1.03945473e+00,1.04140390e+00,1.04309649e+00,1.03259843e+00,1.03260763e+00,5.33823195e-03
"2021-Feb-28",1.02182556e+00,1.02349473e+00,1.02542145e+00,1.02672276e+00,1.02775778e+00,1.02864629e+00,1.02944464e+00,1.03018480e+00,1.03088747e+00,1.03156761e+00,1.03223726e+00,1.03290720e+00,1.03358823e+00,1.03429244e+00,1.03503492e+00,1.03583657e+00,1.03672973e+00,1.03777147e+00,1.03908321e+00,1.04102943e+00,1.04271945e+00,1.03223726e+00,1.03224643e+00,5.33018457e-03
"2021-Mar-01",1.02060396e+00,1.02226979e+00,1.02419263e+00,1.02549133e+00,1.02652428e+00,1.02741100e+00,1.02820775e+00,1.02894642e+00,1.02964767e+00,1.03032644e+00,1.03099475e+00,1.03166334e+00,1.03234300e+00,1.03304579e+00,1.03378678e+00,1.03458681e+00,1.03547818e+00,1.03651782e+00,1.03782691e+00,1.03976921e+00,1.04145582e+00,1.03099475e+00,1.03100390e+00,5.31946146e-03