,36.0,41.0,45.0,50.0,55.0,60.0,65.0,71.0,75.0,80.0,85.0,90.0,95.0,100.0
0,5442710.870406038,5442704.317518042,5442698.462296836,5442693.447169739,5442683.769129775,5442677.913908567,5442671.3610205725,5442665.360071365,5442659.3617500365,5442652.922334504,5442646.663405942,5442640.62777822,5442634.252539527,5442628.23142661
1,5442671.114385823,5442658.591773742,5442645.881474244,5442635.0428987555,5442614.5347536225,5442601.87420494,5442588.07013115,5442573.427142853,5442559.907969778,5442543.949108798,5442529.151021993,5442514.4740103595,5442499.186900306,5442483.966126835
2,5442634.715026522,5442615.798849781,5442596.145797627,5442578.628848986,5442546.625933873,5442525.740732388,5442503.306605435,5442478.492140996,5442455.656261217,5442425.335562771,5442399.059141528,5442373.63666626,5442346.116643021,5442318.89526278
3,5442601.684852695,5442575.380876474,5442549.065713537,5442524.333021069,5442479.739636059,5442449.239860686,5442417.335391221,5442380.12910441,5442345.311970996,5442298.9260996245,5442257.265301205,5442217.747296013,5442174.249518117,5442129.4707044475
4,5442571.318018131,5442537.762902149,5442504.09322563,5442472.293210024,5442413.707461569,5442372.916505337,5442329.751443151,5442278.224015877,5442229.457927395,5442163.654696623,5442104.58688463,5442045.281762392,5441981.352551913,5441914.346298436
5,5442543.598267636,5442502.829368899,5442461.772359143,5442421.824296655,5442348.54983528,5442296.6464368375,5442241.246715054,5442173.449536374,5442108.399544621,5442019.418576152,5441936.26760627,5441853.738430708,5441763.698343631,5441668.464068501
6,5442518.1178031415,5442470.275507312,5442420.862990046,5442373.179418223,5442284.832039225,5442219.976656142,5442150.983650219,5442065.131344469,5441980.612767423,5441864.665089469,5441753.700057378,5441642.822819888,5441518.655817422,5441386.674819438
7,5442495.163121286,5442440.230753207,5442382.486318549,5442326.506364897,5442221.708891799,5442143.495056571,5442059.674629007,5441953.003788851,5441846.0599132,5441699.749986986,5441554.1888390705,5441408.667156473,5441241.596976619,5441062.354633128
8,5442473.568077033,5442412.017897003,5442346.2143203,5442282.092090556,5442159.709255785,5442067.166272881,5441967.041838724,5441837.472152891,5441704.781234011,5441523.225208211,5441338.173851509,5441149.150180895,5440928.44715098,5440692.4235384185
9,5442453.944051139,5442385.605596002,5442311.753546776,5442239.2295143455,5442099.13812812,5441990.466908023,5441872.9371659625,5441717.819275551,5441557.209694678,5441334.527615857,5441103.21436549,5440860.216636846,5440575.442401862,5440267.881967477
10,5442435.9936520085,5442361.158880711,5442278.680615736,5442197.197176655,5442039.963642577,5441913.678024521,5441777.648144544,5441594.216477812,5441402.231051456,5441132.202807332,5440846.590182583,5440541.231433047,5440178.039011584,5439782.7566563
11,5442419.594675396,5442338.228504111,5442247.437062443,5442157.386380775,5441981.665733844,5441837.064785207,5441680.901719489,5441466.920440514,5441238.863971549,5440915.800825695,5440565.810045375,5440187.665164111,5439730.25670098,5439227.886654779
12,5442404.445899321,5442316.992432255,5442218.004359215,5442119.2830855185,5441924.515613059,5441760.6112450175,5441582.5516349785,5441334.2719392255,5441067.963918456,5440683.632849494,5440259.955211569,5439796.486575159,5439225.535374429,5438593.876902612
13,5442390.853660006,5442296.711025827,5442190.266766246,5442082.174903538,5441867.790767092,5441684.627610672,5441483.151284891,5441196.862899171,5440888.514571814,5440434.901710492,5439926.603583379,5439362.069811036,5438657.7229254,5437869.360004484
14,5442378.487969463,5442277.537274555,5442163.781365257,5442046.722929729,5441812.359789089,5441608.53740284,5441382.2699241415,5441055.797115017,5440700.465065002,5440166.63507002,5439562.010846525,5438880.215139548,5438019.298001373,5437040.959080327
15,5442367.101531033,5442259.9179920945,5442138.702204675,5442012.963248751,5441757.764226446,5441531.767831525,5441279.371104721,5440910.22301046,5440503.020683873,5439879.134284887,5439166.399427517,5438345.955584843,5437301.406621879,5436093.394323057
16,5442356.689732293,5442243.6791254785,5442114.590825124,5441980.171219958,5441704.429047391,5441455.296558397,5441174.982987728,5440759.8924162,5440296.125855016,5439570.669973269,5438734.214331513,5437754.870859593,5436493.920807108,5435009.060634226
17,5442346.942884393,5442228.564645234,5442092.131912625,5441948.911680346,5441652.09509618,5441378.69744681,5441069.133419195,5440603.954818871,5440078.311001216,5439239.343482252,5438262.119321699,5437100.136424888,5435585.2284860695,5433769.673599288
18,5442337.906462652,5442214.283668658,5442070.513477122,5441918.780787977,5441600.589122744,5441302.129959868,5440961.665343391,5440443.134438921,5439849.1028069975,5438883.59953168,5437748.28801195,5436377.714554094,5434561.631132573,5432352.578705451
19,5442329.840951407,5442200.553563914,5442049.885658241,5441889.785488356,5441549.523070888,5441225.725330429,5440852.321153078,5440277.014542388,5439608.28033205,5438503.646902256,5437191.362016377,5435577.269641889,5433407.449846495,5430733.864118297
20,5442322.328998192,5442187.931179371,5442030.528463222,5441862.0320458,5441499.4444945855,5441149.6198346475,5440741.356774323,5440105.598342583,5439355.039005881,5438096.162186592,5436584.785294933,5434692.670730821,5432109.936543865,5428887.324965296
21,5442315.373123314,5442176.154969925,5442011.998109423,5441835.552930063,5441450.766159566,5441073.40448254,5440628.23821792,5439928.166117181,5439087.652330689,5437660.022123882,5435924.812120118,5433710.532459756,5430649.93150607,5426776.244250418
22,5442309.112117594,5442165.068581576,5441994.155173421,5441810.185045739,5441402.507039778,5440997.345142252,5440513.797535248,5439744.910356678,5438806.4775448665,5437194.560688081,5435208.145021036,5432625.15142484,5429011.185591215,5424372.8073604535
23,5442303.530517864,5442154.650542423,5441977.720218286,5441785.649285564,5441355.22960549,5440921.46738456,5440397.32589195,5439555.399078398,5438510.111071456,5436695.134291146,5434426.52904812,5431424.026024545,5427169.062859157,5421632.499515507
24,5442298.50955661,5442145.076345289,5441961.555393452,5441762.092062142,5441308.63933282,5440845.611484543,5440279.1379876835,5439359.221601622,5438198.892605543,5436160.1453354135,5433574.634429645,5430096.068068009,5425097.845253105,5418508.332387963
25,5442293.766491049,5442135.919950634,5441946.630899298,5441739.788209699,5441263.163546326,5440770.073077882,5440159.486882457,5439156.670278074,5437870.974521451,5435588.294961533,5432646.380078379,5428628.804319704,5422777.4749122225,5414958.971517781
26,5442289.023469387,5442127.468616608,5441932.253947748,5441718.026675935,5441218.531676387,5440694.43033353,5440037.9590351805,5438948.007989385,5437526.734083382,5434976.343052756,5431635.239127827,5427003.409381425,5420172.865170654,5410920.628837434
27,5442284.686259484,5442119.835621077,5441918.14505722,5441697.109983316,5441174.735867338,5440619.082024041,5439914.70988721,5438732.820771835,5437164.617427023,5434323.005624032,5430534.5165074915,5425208.707385149,5417249.538504604,5406344.38567805
28,5442280.756293096,5442112.618143335,5441904.87210988,5441677.022833035,5441131.646721416,5440543.767563907,5439789.862565981,5438510.114370847,5436784.088930653,5433622.75085059,5429337.299407315,5423225.521300459,5413977.673509888,5401149.0899317125
29,5442276.961345509,5442105.665007938,5441892.286529813,5441657.764638528,5441089.400004219,5440468.602672594,5439663.4159217365,5438280.046661449,5436383.794004862,5432874.841772877,5428036.0210375,5421036.91139482,5410316.395121976,5395282.613152341
30,5442273.321455266,5442098.981131137,5441880.407279351,5441639.483473394,5441047.702353232,5440393.869205513,5439534.9731879495,5438041.800487887,5435964.133714542,5432072.977039231,5426621.969942761,5418617.699110169,5406225.548460517,5388651.090451688
31,5442269.950874085,5442092.574297716,5441869.350872893,5441621.760188937,5441006.988455092,5440319.016856825,5439404.498523075,5437795.274047322,5435522.809030961,5431215.212261483,5425083.616246658,5415952.937384046,5401656.532220066,5381170.716530796
32,5442266.580313779,5442086.721991224,5441858.429425672,5441604.723997178,5440966.687653475,5440244.319811549,5439272.434840003,5437540.083001753,5435058.170680063,5430295.748219566,5423414.228701714,5413019.524858782,5396566.248460699,5372735.277511347
33,5442263.344759101,5442081.264206364,5441848.348001672,5441588.362554956,5440927.663796768,5440169.364701077,5439138.628378911,5437276.076613847,5434569.477087999,5429311.038787013,5421600.351646686,5409785.974233248,5390898.530869327,5363262.891513359
34,5442260.252061047,5442076.251925584,5441838.950370305,5441572.270762119,5440889.17727491,5440094.567839757,5439002.267527881,5437002.7176345205,5434055.379427822,5428258.953226931,5419628.174521113,5406227.920507217,5384608.038551049,5352652.513218775
35,5442257.288752247,5442071.519564446,5441829.977967968,5441557.001414632,5440851.381900849,5440020.333980219,5438863.897454434,5436721.117562005,5433517.4382460825,5427132.91308732,5417488.010393988,5402321.772064112,5377614.484274396,5340776.521720949
36,5442254.460442187,5442067.064912769,5441821.2831615675,5441542.299302826,5440814.014175094,5439945.977671408,5438723.535854246,5436429.335937588,5432951.09196033,5425928.080983227,5415164.92783853,5398029.83616379,5369864.58636713,5327524.482374519
37,5442251.632147374,5442062.6102931425,5441812.852539709,5441528.431152805,5440777.19905864,5439871.642055277,5438581.041485601,5436128.345185142,5432355.865420133,5424641.028016454,5412648.619394514,5393326.835237303,5361290.061362235,5312787.744143549
38,5442248.8038678095,5442058.422751252,5441804.846014344,5441515.265726875,5440741.065417033,5439797.745366558,5438436.798313504,5435817.610658976,5431731.793239426,5423265.613646745,5409924.082521892,5388171.097635217,5351812.49944309,5296454.795211858
39,5442246.110582956,5442054.370113902,5441797.117040005,5441502.795998925,5440705.630441935,5439723.864832339,5438290.4160227645,5435496.476494862,5431074.868164993,5421797.791385662,5406972.552354641,5382527.66261765,5341373.485123288,5278398.684357264
40,5442243.417312093,5442050.450445704,5441790.0792110665,5441490.461087525,5440670.881185708,5439650.273072632,5438141.907448225,5435163.9290314,5430384.427831012,5420228.38924115,5403774.178179573,5376360.491736941,5329885.813203825,5258500.775214046
41,5442240.7240552185,5442046.805578632,5441783.300977778,5441478.661941135,5440636.979862069,5439576.418876339,5437991.259808335,5434819.780665599,5429658.61070225,5418553.351566304,5400318.466480051,5369633.197975598,5317289.523514223,5236677.336959159
42,5442238.030812333,5442043.299865484,5441776.657539349,5441467.285511237,5440603.493873605,5439502.571774592,5437838.768723123,5434464.278327205,5428894.547272079,5416762.843854385,5396582.039752966,5362298.845148708,5303503.915060153,5212807.644288657
43,5442235.487538358,5442039.794172042,5441770.292027233,5441456.597047949,5440570.4303700235,5439428.885317281,5437683.865787024,5434097.45281964,5428092.989304284,5414853.505073598,5392554.817153802,5354320.604679105,5288441.475331247,5186839.6447837325
44,5442233.079253291,5442036.288498303,5441764.480932044,5441446.176121548,5440537.764327572,5439355.7682939,5437526.018017277,5433718.611333827,5427251.029966548,5412814.426744816,5388209.574715841,5345652.5305482885,5272046.629876113,5158632.968503113
45,5442230.670979429,5442032.917714308,5441758.812596918,5441436.443618259,5440505.6542130895,5439282.246094296,5437366.068442807,5433325.9078636,5426366.104536803,5410642.006652514,5383527.2131281495,5336249.359259538,5254231.379508564,5128076.373722646
46,5442228.262716771,5442029.546948256,5441753.548837345,5441427.117958821,5440473.959123613,5439208.877819892,5437203.835954306,5432920.663976494,5425435.302566446,5408328.802460376,5378493.197350822,5326054.150502038,5234941.0914381575,5095164.875613954
47,5442225.854465317,5442026.448333984,5441748.285119298,5441418.208169491,5440442.6705461955,5439135.931623097,5437038.925884152,5432501.515143851,5424457.467141023,5405864.377410339,5373076.5567465685,5315040.55168101,5214128.812593698,5059811.212911725
48,5442223.446225068,5442023.768798359,5441743.563796464,5441409.704894235,5440411.662152277,5439062.730402796,5436872.202450605,5432068.341926955,5423428.918442277,5403239.291495493,5367253.657937563,5303160.75194294,5191736.86367541,5022033.316195826
49,5442221.037996022,5442021.226244325,5441738.981627431,5441401.3362338515,5440381.775235167,5438989.9484125925,5436702.501295683,5431621.334565589,5422348.285581889,5400445.467066051,5361005.286575694,5290374.175585361,5167712.404956333,4981799.0181145575
50,5442218.629778182,5442018.683702247,5441734.684095799,5441393.236405898,5440352.15271155,5438917.177868538,5436530.153054524,5431158.143564273,5421214.693208391,5397474.055272219,5354311.068749264,5276646.853429308,5142032.036468829,4939081.152907378
51,5442216.221571544,5442016.141172124,5441730.662175809,5441385.564677672,5440322.947328321,5438844.27911172,5436355.4259030195,5430679.402404374,5420022.652734733,5394314.288818323,5347148.665838849,5261941.0955621,5114667.609913064,4893890.907832345
52,5442213.813376111,5442013.598653957,5441726.77498863,5441378.44433854,5440294.164553408,5438771.520689908,5436178.311076226,5430185.248111185,5418773.600309237,5390960.558295535,5339496.22308071,5246232.264537265,5085568.541859777,4846224.456985526
53,5442211.405191882,5442011.056147745,5441722.887823049,5441371.458563662,5440265.649488881,5438699.32584839,5435998.255159834,5429674.907184353,5417462.564897963,5387402.750008704,5331325.328109169,5229442.010616057,5054689.787953436,4796102.9427472865
54,5442208.997018857,5442008.51365349,5441719.000679065,5441364.747891787,5440237.409403276,5438627.279179217,5435815.533936735,5429148.069850763,5416087.042308368,5383629.963896787,5322616.27975594,5211565.488729089,5022038.608081428,4743543.4694594685
55,5442206.588857035,5442005.971171189,5441715.242869555,5441358.711715795,5440209.852748804,5438555.255906427,5435630.018505257,5428604.478250329,5414643.977809723,5379633.515366526,5313335.631320102,5192586.503613155,4987589.49343472,4688576.581957083
56,5442204.180706417,5442003.428700844,5441711.622041698,5441352.675599158,5440182.697066691,5438483.372646315,5435441.998100786,5428043.333798999,5413129.254885437,5375398.080151578,5303478.2846614,5172475.047742582,4951363.158409884,4631289.947385432
57,5442201.772567003,5442001.021105705,5441708.2701805085,5441347.045864824,5440155.685988137,5438411.640656471,5435251.325184373,5427463.724670809,5411542.586710932,5370918.126704646,5293027.6802449655,5151216.156644214,4913379.714976695,4571691.458124299
58,5442199.364438793,5441998.613521767,5441705.047648342,5441341.556049329,5440129.076855928,5438340.326965485,5435058.295756479,5426863.639118019,5409879.626596574,5366185.276960518,5281963.504016457,5128807.014399838,4873654.339695913,4509790.401694995
59,5442196.956321785,5441996.205949029,5441701.825132969,5441336.339850679,5440103.019108085,5438268.890428217,5434862.7599954195,5426244.0658509135,5408139.532424038,5361185.213083222,5270231.466147432,5105241.853596734,4832183.507687813,4445667.94710165
60,5442194.810557539,5441993.798387492,5441698.602634388,5441331.25294886,5440077.379890948,5438197.596643208,5434664.747367877,5425604.50209716,5406315.744188385,5355904.7599569755,5257849.506775862,5080509.230734939,4788974.537029145,4379437.9469970325
61,5442192.664803874,5441991.390837157,5441695.522848304,5441326.430692755,5440052.157337703,5438126.1749983495,5434463.832585754,5424943.89791024,5404407.915201262,5350339.572557764,5244802.460112431,5054609.492182894,4744053.966708932,4311175.735546893
62,5442190.519060791,5441988.983298021,5441692.577778064,5441321.741270749,5440027.328648025,5438055.18331627,5434259.9699234525,5424262.661837688,5402410.254659432,5344473.981514046,5231067.568774136,5027537.411829066,4697477.39615226,4241070.546356679
63,5442188.373328287,5441986.575770086,5441689.6327222455,5441317.328931148,5440002.909594308,5437984.479515303,5434052.901376374,5423559.899412453,5400320.611695817,5338309.26417384,5216643.495522585,4999297.566805655,4649229.838424278,4169253.8623815835
64,5442186.2276063645,5441984.168253351,5441686.68768085,5441313.045870873,5439978.491220278,5437913.790126735,5433842.6091856025,5422835.232783312,5398139.750210909,5331834.291093495,5201521.249605425,4969897.641659441,4599407.149845555,4095858.201976549
65,5442184.081895024,5441981.760747818,5441683.742653875,5441308.762838652,5439954.349878361,5437843.521188557,5433629.426253781,5422086.267514668,5395854.994461281,5325039.39252295,5185691.737107149,4939354.1712921765,4548068.717769747,4021036.531185597
66,5442181.936194262,5441979.353253484,5441680.926950148,5441304.614289012,5439930.483041357,5437773.255144011,5433412.4758810615,5421314.151047761,5393472.270129073,5317903.46306989,5169161.625600062,4907660.936904881,4495245.445261687,3944987.62958479
67,5442179.790504081,5441976.94577035,5441678.111260358,5441300.602703333,5439906.887811603,5437702.995223979,5433192.887345051,5420517.223726291,5390986.732882315,5310423.514351994,5151922.786518494,4874841.658674998,4440997.8287821,3867967.211692188
68,5442177.6448244825,5441974.538298417,5441675.295584502,5441296.725361068,5439883.427204113,5437633.309227696,5432969.264499515,5419695.660036849,5388389.826132706,5302597.6748007145,5133939.411632378,4840910.60703034,4385392.204629153,3790214.246747144
69,5442175.499155462,5441972.130837683,5441672.479922581,5441293.111739202,5439860.662911059,5437563.370903003,5432743.026947648,5418847.880016923,5385682.20853179,5294420.049763799,5115237.58288108,4805881.780028376,4328494.267859526,3712019.4914918332
70,5442173.353497024,5441969.856318307,5441669.798970744,5441289.498137819,5439838.310678862,5437493.571811508,5432513.898991799,5417973.273800222,5382861.578527428,5285881.413876343,5095814.23812272,4769772.293943858,4270380.675956416,3633651.0302827405
71,5442171.207849165,5441967.7111566095,5441667.118032087,5441285.884556917,5439816.371675644,5437423.911603054,5432281.164036846,5417071.30628713,5379923.335217252,5276970.873522028,5075669.453480097,4732619.484335879,4211170.594749302,3555379.370304313
72,5442169.062211886,5441965.566005489,5441664.437106613,5441282.413578232,5439794.707120663,5437354.414987739,5432045.390170414,5416141.708286243,5376866.080477944,5267692.942997461,5054806.578729971,4694406.914905831,4150984.730019887,3477505.3976243986
73,5442166.916585188,5441963.420864947,5441661.75619432,5441279.077065671,5439773.309569623,5437285.057445861,5431806.726744254,5415184.328805519,5373686.702897002,5258042.091691103,5033231.453515474,4655168.639027416,4089965.8729493795,3400330.486002284
74,5442164.770969069,5441961.2757349815,5441659.075295209,5441275.869812919,5439752.054833034,5437215.854151632,5431563.91869666,5414198.867248907,5370380.648220531,5248009.476782381,5010953.772727583,4614942.972431383,4028235.594047567,3324111.444512897
75,5442162.760332679,5441959.130615594,5441656.394409278,5441272.662576646,5439731.063609365,5437146.6612158185,5431317.633211488,5413182.471601907,5366939.713301786,5237596.452044398,4987977.8886935,4573754.228462069,3965941.4764479115,3249111.870283584
76,5442160.7497066185,5441956.985506784,5441653.713536531,5441269.455356851,5439710.498244954,5437077.884915002,5431068.207695215,5412135.445163822,5363365.78243419,5226799.321060095,4964307.925278287,4531645.699816763,3903238.648372853,3175598.170793115
77,5442158.739090885,5441954.8404085515,5441651.032676962,5441266.248153536,5439690.196347474,5437009.114416291,5430814.512258386,5411057.520957787,5359656.314122996,5215620.993424209,4939961.191597553,4488681.672157601,3840293.337129701,3103809.5927238427
78,5442156.72848548,5441952.695320896,5441648.351830576,5441263.304649944,5439669.8949073665,5436940.624516059,5430557.225657903,5409948.047527412,5355809.183935798,5204059.737508586,4914953.384114358,4444903.261105748,3777277.743520229,3033966.0658238316
79,5442154.717890402,5441950.550243817,5441645.670997371,5441260.361160769,5439649.73360284,5436872.424480947,5430295.806258304,5408804.910567498,5351820.280925255,5192120.508831551,4889305.232364429,4400345.4963290375,3714374.835450954,2966273.3082837495
80,5442152.707305653,5441948.405177317,5441643.12304543,5441257.417686009,5439630.120383974,5436804.363132248,5430029.846961984,5407628.041203658,5347687.08585342,5179801.132962111,4863011.673482935,4355072.441326142,3651760.0959479725,2900860.3952940134
81,5442150.696731232,5441946.260121392,5441640.575106211,5441254.474225663,5439610.905418172,5436736.5850787535,5429760.751206726,5406416.769781254,5343408.211848843,5167081.500272004,4836089.101171072,4309124.952873068,3589623.088336357,2837877.9082767717
82,5442148.68616714,5441944.1150760455,5441638.027179712,5441251.5307797305,5439591.953811396,5436668.956963103,5429487.256876292,5405168.904758796,5338982.112923913,5153983.188168958,4808547.786245358,4262602.780085285,3528119.8326128162,2777414.029033201
83,5442146.6756133735,5441941.970041275,5441635.479265935,5441248.587348213,5439573.002594633,5436601.476164515,5429209.644051448,5403884.125645691,5334405.993090817,5140504.9060816355,4780398.4038049085,4215575.9245783985,3467420.849837388,2719565.718774077
84,5442144.665069936,5441939.825017082,5441632.931364878,5441245.643931109,5439554.314749745,5436534.1338649215,5428927.521782134,5402562.79986414,5329678.716007464,5126646.906632692,4751653.049927065,4168110.4986551222,3407690.0880600475,2664364.8214408197
85,5442142.654536827,5441937.814859677,5441630.383476542,5441242.964205891,5439535.761198964,5436466.79710749,5428641.321606316,5401203.643957376,5324799.7325126715,5112417.053058267,4722328.811729424,4120292.8489016127,3349058.5666539455,2611831.6146449167
86,5442140.644014044,5441935.804712597,5441627.8356009275,5441240.284493847,5439517.341973562,5436399.885116102,5428351.440645399,5399806.236886781,5319768.594257152,5097816.813184803,4692439.5483391415,4072230.0197128826,3291664.391976694,2561954.8845558707
87,5442138.633501587,5441933.794575842,5441625.287738033,5441237.604794979,5439499.201752182,5436333.26254219,5428057.247111457,5398370.608495108,5314579.7549866475,5082855.416149407,4661998.720882307,4023978.9383947775,3235626.3487688117,2514735.7694383357
88,5442136.622999461,5441931.784449413,5441622.739887859,5441234.925109288,5439481.331142185,5436266.778263001,5427758.850997099,5396894.808443947,5309236.477033049,5067532.41911369,4631026.654451894,3975639.22412508,3181058.2356004426,2470130.555190247
89,5442134.612507661,5441929.774333308,5441620.192050405,5441232.245436771,5439463.994495509,5436200.299388634,5427456.680495416,5395379.851087735,5303741.165760457,5051862.899479523,4599573.308693203,3927320.3085537786,3128059.0984635735,2428088.558271238
90,5442132.602026188,5441927.76422753,5441617.773530606,5441229.698562335,5439446.926019222,5436134.236260748,5427150.304221256,5393823.314121373,5298089.724859405,5035844.466002133,4567639.622928971,3879118.063977549,3076701.8910075882,2388542.882018584
91,5442130.591555042,5441925.754132075,5441615.3550233655,5441227.151700616,5439430.116746322,5436068.178461134,5426839.662700587,5392225.7490785755,5292282.125553194,5019481.6829373855,4535263.9602527255,3831124.4107888844,3027046.7895376366,2351433.7231328264
92,5442128.581094223,5441923.744046946,5441612.936528682,5441224.604851613,5439413.436772226,5436002.12598929,5426524.5252439175,5390585.08539886,5286314.489714308,5002783.104715194,4502463.142540267,3783428.9272393845,2979153.5379384,2316667.5414514975
93,5442126.570643731,5441921.7339721415,5441610.518046558,5441222.058015324,5439396.899351181,5435936.211621915,5426204.8596776165,5388903.1154696215,5280191.526862356,4985750.414112265,4469279.734564435,3736129.9326909627,2933074.3748361724,2284150.380021565
94,5442124.560203567,5441919.723907662,5441608.09957699,5441219.511191754,5439380.757544271,5435870.302549866,5425881.037298206,5387178.209240576,5273914.960336395,4968387.345375303,4435741.79687617,3689312.655721833,2888833.2751949797,2253790.7139006564
95,5442122.5497737285,5441917.713853505,5441605.681119981,5441216.964380898,5439364.616016263,5435804.5315186605,5425553.464991246,5385408.186443429,5267483.256254497,4950700.574884168,4401877.870009497,3643074.838371866,2846439.8956489624,2225497.257704134
96,5442120.539354218,5441915.703809675,5441603.397365148,5441214.417582757,5439348.608650342,5435738.907347422,5425221.225421143,5383596.015354803,5260897.308882484,4932688.830431749,4367734.779047047,3597485.125917622,2805898.979436057,2199162.406969106
97,5442118.528945033,5441913.693776168,5441601.113622623,5441211.870797332,5439332.994350486,5435673.700488034,5424883.946652111,5381738.532809009,5254162.54635355,4914368.693083771,4333356.972114773,3552647.7988799517,2767206.3058893923,2174688.0460592015
98,5442116.518546176,5441911.683752986,5441598.829892402,5441209.324024623,5439317.380312085,5435608.631515969,5424542.083578936,5379837.501605532,5247278.475136257,4895750.072474896,4298769.937468043,3508623.6402086895,2730361.3170296503,2151973.78735568
99,5442114.508157646,5441909.673740128,5441596.546174488,5441206.77726463,5439301.766535131,5435543.709270361,5424195.613419769,5377891.494556516,5240245.782147337,4876837.368336765,4264014.398341073,3465497.0415036627,2695326.4391778037,2130918.5352545595
100,5442112.49777944,5441907.663737595,5441594.262468881,5441204.230517352,5439286.429135057,5435478.79216338,5423844.396170609,5375897.535281226,5233067.983607195,4857646.2632935755,4229154.234991331,3423317.1359018246,2662061.881061458,2111427.249607208
101,5442110.487411562,5441905.653745386,5441591.9787755795,5441201.683782788,5439271.353390846,5435413.88019455,5423488.875809681,5373857.57911766,5225744.382202806,4838175.112829036,4194224.820996085,3382147.37320797,2630527.1456788112,2093399.0779294497
102,5442108.477054011,5441903.6437635,5441589.695094585,5441199.137060941,5439256.277892421,5435349.23423378,5423128.653736002,5371773.492895908,5218280.79876132,4818432.894782517,4159269.7277225615,3342027.4047427448,2600683.5473339455,2076746.968422033
103,5442106.466706786,5441901.63379194,5441587.411425896,5441196.590351809,5439241.202639775,5435284.593352148,5422762.887009767,5369641.443166522,5210677.429342849,4798422.5160248205,4124341.4820954343,3302996.029830749,2572473.466416318,2061374.1466501197
104,5442104.456369888,5441899.623830702,5441585.127769512,5441194.043655391,5439226.127632905,5435220.2316868305,5422392.149659559,5367463.842130903,5202932.858271808,4778153.185198326,4089494.8398136804,3265094.5306390407,2545848.4296998065,2047196.3922135066
105,5442102.446043314,5441897.613879789,5441582.844125435,5441191.496971689,5439211.186733782,5435156.003242507,5422016.438483948,5365238.119070239,5195049.226227905,4757643.015555599,4054768.2434414243,3228360.521867405,2520749.9953449382,2034130.9001559874
106,5442100.435727067,5441895.603939199,5441580.560493663,5441188.950300701,5439196.504903837,5435091.779802125,5421636.148216539,5362967.832218934,5187033.872746054,4736892.735321579,4020207.4362821816,3192814.4816492875,2497121.3985101213,2022109.4777128357
107,5442098.425421147,5441893.594008934,5441578.276874196,5441186.403642429,5439181.957166436,5435027.693931449,5421251.330359716,5360649.3150545545,5178879.083864974,4715913.236190841,3985866.0025204243,3158465.726935111,2474905.565562918,2011046.459771681
108,5442096.415125553,5441891.58408899,5441575.993267035,5441183.85699687,5439167.409659846,5434963.613034891,5420860.999445068,5358284.788042309,5170595.593409256,4694713.451507099,3951783.6228304887,3125321.886614851,2454032.923405745,2000873.9680449653
109,5442094.404840283,5441889.574179373,5441573.709672181,5441181.43959812,5439152.862384062,5434899.820621008,5420465.714534481,5355870.869714076,5162180.720308983,4673309.439205237,3918009.8502851254,3093384.383272727,2434451.3884933204,1991525.3482525838
110,5442092.39456534,5441887.564280078,5441571.4260896295,5441179.1566451425,5439138.315339079,5434836.0331451185,5420066.359946091,5353410.629609949,5153639.780459938,4651714.391711141,3884587.5147986333,3062651.4714091946,2416091.1090011355,1982939.1166372048
111,5442090.384300723,5441885.554391107,5441569.142519386,5441176.873704468,5439123.902432594,5434772.3920777375,5419661.675298402,5350902.434677532,5144972.43807353,4629940.926255285,3851554.842091135,3033115.562907759,2398902.674164085,1975060.307484359
112,5442088.374046431,5441883.544512458,5441566.858961446,5441174.590776094,5439109.752555398,5434709.01651823,5419252.068807596,5348348.837872673,5136183.78555599,4608012.7857731115,3818957.535787698,3004775.57137296,2382816.3144267946,1967831.2596857205
113,5442086.363802466,5441881.534644133,5441564.5754158115,5441172.307860022,5439095.74512233,5434645.781438484,5418837.397139902,5345749.6669736365,5127280.472883131,4585933.075405398,3786821.5558937434,2977615.363572242,2367775.6017841008,1961203.3196494635
114,5442084.353568824,5441879.524786131,5441562.291882481,5441170.024956252,5439081.871754071,5434582.972940505,5418416.988661736,5343103.154282938,5118259.137950323,4563715.868135186,3755193.0079574003,2951623.1727895527,2353720.3385050558,1955128.997461136
115,5442082.34334551,5441877.514938452,5441560.008361457,5441167.742064783,5439068.127548201,5434520.169232819,5417991.671661481,5340411.252298117,5109119.7414227985,4541388.241181668,3724097.9370692717,2926768.2575675943,2340603.5868398277,1949564.1825116302
116,5442080.333132519,5441875.505101098,5441557.724852737,5441165.459185615,5439054.383554734,5434457.370314999,5417561.598987075,5337673.697588966,5099871.624660164,4518962.427187933,3693569.0363473357,2903032.546876329,2328362.9628515076,1944470.1670073504
117,5442078.3229298545,5441873.495274065,5441555.441356322,5441163.176318748,5439040.639773665,5434394.576186615,5417126.181997495,5334888.309898811,5090515.979904285,4496451.816714773,3663635.2349404306,2880386.1598639153,2316949.746087213,1939806.6108724652
118,5442076.312737516,5441871.485457355,5441553.157872211,5441160.8934641825,5439026.896204989,5434331.786847241,5416686.056031467,5332058.010896934,5081048.084525937,4473866.7361429,3634323.435113993,2858804.3679935248,2306317.84799416,1935540.2342542678
119,5442074.302555501,5441869.475650968,5441550.874400406,5441158.610621918,5439013.286688722,5434269.134693724,5416240.488426404,5329182.130233459,5071474.080490621,4451230.9948185915,3605653.367515052,2838252.8945630332,2296412.908427283,1931636.6035354582
120,5442072.292383812,5441867.465854905,5441548.590940905,5441156.327791955,5438999.677382594,5434206.628704563,5415790.2056774115,5326263.1992478715,5061797.358137952,4428566.200659777,3577640.8472371767,2818705.8092826162,2287191.410181718,1928064.7103472077
121,5442070.282222449,5441865.456069163,5441546.307493707,5441154.044974292,5438986.200687535,5434144.127461381,5415335.205977572,5323295.994682437,5052022.5861622635,4405896.411110144,3550311.1626398177,2800129.6265425794,2278612.4142663367,1924800.1595629416
122,5442068.27207141,5441863.446293745,5441544.024058814,5441151.76216893,5438972.853135585,5434081.6309637595,5414875.347412366,5320287.035148808,5042151.7636401765,4383226.7747315075,3523668.218885406,2782490.6848206157,2270640.1772131803,1921813.7895126021
123,5442066.261930695,5441861.436528649,5441541.740636226,5441149.479375869,5438959.505788399,5434019.139211273,5414410.480912518,5317233.552553031,5032184.853954369,4360576.324860299,3497721.406581551,2765752.3120751036,2263229.5365690915,1919082.6554891507
124,5442064.251800305,5441859.426773876,5441539.457225941,5441147.196595109,5438946.158645974,5433956.787723722,5413940.3445290495,5314135.479826966,5022124.613734809,4337974.309584722,3472489.712711441,2749883.5605388586,2256340.751168953,1916587.4012997707
125,5442062.24168024,5441857.417029425,5441537.173827961,5441144.913826648,5438932.940639207,5433894.701194852,5413464.511431417,5310997.386039522,5011973.322091568,4315430.7180074565,3447973.7590684886,2734846.3469575313,2249944.138120479,1914307.393346886
126,5442060.231570501,5441855.407295296,5441534.890442284,5441142.631070489,5438919.856667478,5433832.619339739,5412983.245249219,5307817.916780584,5001731.711873139,4292970.637313813,3424181.8010491836,2720611.648279283,2244003.7617151085,1912222.0045173313
127,5442058.221471084,5441853.397571489,5441532.607068912,5441140.348326629,5438906.772895999,5433770.542157972,5412497.745540002,5304597.062850359,4991402.501968993,4270605.965900978,3401114.756586916,2707149.7836762434,2238489.2333482197,1910315.4145794497
128,5442056.211381993,5441851.387858005,5441530.323707842,5441138.06559507,5438893.689324771,5433708.7432727,5412006.41528945,5301335.827684578,4980989.499816759,4248361.283298929,3378767.9635150176,2694414.9586091074,2233375.2573751085,1908571.8988830762
129,5442054.201303227,5441849.378154842,5441528.040359077,5441135.782875812,5438880.6059537865,5433647.076880725,5411510.543295648,5298035.401863681,4970495.759861346,4226249.186420303,3357143.8821903234,2682385.94147606,2228629.107564478,1906977.4173886105
130,5442052.191234784,5441847.368462003,5441525.7570226155,5441133.5001688525,5438867.522783041,5433585.415094091,5411008.086724306,5294692.746876286,4959920.320861146,4204287.607155751,3336227.3604684696,2671027.4729560204,2224222.3503606254,1905519.7597102723
131,5442050.181176666,5441845.358779484,5441523.473698458,5441131.217474194,5438854.439812534,5433523.757912394,5410500.364853159,5291313.796722554,4949268.0232126275,4182499.107791695,3316024.776395984,2660306.006537495,2220137.605604478,1904183.7481507969
132,5442048.171128872,5441843.349107288,5441521.190386603,5441128.934791835,5438841.485964106,5433462.521607389,5409988.046746132,5287896.563481648,4938544.008804946,4160903.923553602,3296518.686123806,2650191.067623147,2216346.945319817,1902960.6190809417
133,5442046.161091402,5441841.339445414,5441518.907087051,5441126.652121775,5438828.532313481,5433401.289853523,5409470.057689614,5284443.513324922,4927745.898214937,4139516.002749994,3277704.709000804,2640651.158498481,2212833.596561524,1901842.7437166446
134,5442044.151064256,5441839.329793861,5441516.623799803,5441124.3694640165,5438815.578860655,5433340.19484789,5408946.727740638,5280955.24357289,4916883.656320972,4118349.4387250226,3259574.025136105,2631661.1952679036,2209573.653245806,1900816.0143755153
135,5442042.141047435,5441837.32015263,5441514.340524858,5441122.086818555,5438802.625605624,5433279.252068711,5408418.700965492,5277434.068434259,4905957.609297717,4097416.4006994665,3242114.7409696477,2623189.2031782824,2206553.0320967184,1899875.5448833364
136,5442040.131040936,5441835.31052172,5441512.057262216,5441119.804185396,5438789.6725483835,5433218.31380338,5407885.862597777,5273874.930701336,4894964.628873521,4076733.352350782,3225312.95888968,2615214.897813743,2203749.8211271134,1899012.8059273222
137,5442038.1210447615,5441833.300901134,5441509.774011876,5441117.521564535,5438776.719688928,5433157.52715007,5407347.395476505,5270283.2449679645,4883914.977475287,4056319.1812679432,3209156.9730252684,2607705.3944352614,2201148.325145189,1898220.826012137
138,5442036.111058911,5441831.291290866,5441507.49077384,5441115.238955974,5438763.767027255,5433096.872740266,5406803.377125829,5266660.259178497,4872809.340181617,4036178.5343808043,3193635.7724312143,2600638.7993456507,2198735.103545624,1897493.8748075175
139,5442034.101083385,5441829.281690922,5441505.207548107,5441112.9563597115,5438750.814563361,5433036.364082878,5406253.857125125,5263009.061518369,4861657.051210707,4016320.053358442,3178731.309140247,2593990.3184918966,2196495.2348544663,1896824.751971631
140,5442032.091118182,5441827.272101298,5441502.924334676,5441110.673775748,5438737.862297241,5432975.859887963,5405699.491947235,5259327.435666947,4850454.255710043,3996760.420111988,3164424.871510178,2587737.6320359637,2194416.856724617,1896209.6099924096
141,5442030.081163302,5441825.262521995,5441500.641133549,5441108.391204084,5438724.91022889,5432915.487858219,5405139.028641555,5255615.254694725,4839209.855042797,3977512.7522427314,3150704.993608348,2581857.646181671,2192486.1301044384,1895643.0683703115
142,5442028.071218746,5441823.252953014,5441498.357944722,5441106.108644718,5438711.9583583055,5432855.120264389,5404573.699775315,5251875.200752389,4827926.256664767,3958578.16335886,3137553.378524813,2576327.8332049814,2190693.698893755,1895119.2454187665
143,5442026.061284512,5441821.243394354,5441496.074768199,5441103.826097652,5438699.140505792,5432794.75710609,5404003.119516617,5248109.119623712,4816604.276009619,3939974.5920751817,3124955.792163931,2571132.6861069542,2189030.2182111023,1894633.0982962751
144,5442024.051360603,5441819.233846015,5441493.791603979,5441101.543562885,5438686.322849788,5432734.530452335,5403428.019900987,5244312.546810584,4805251.244349683,3921707.1386284432,3112889.432372568,2566251.897574005,2187484.928592065,1894183.5964690894
145,5442022.041447017,5441817.224307997,5441491.50845206,5441099.2610404175,5438673.50539029,5432674.308207987,5402848.26386069,5240489.147406042,4793868.267618478,3903783.052630414,3101345.5645889495,2561662.2603940847,2186044.965330408,1893766.9490913637
146,5442020.031543754,5441815.214780299,5441489.225312443,5441096.978530247,5438660.817033302,5432614.090372666,5402263.755695525,5236640.291437803,4782461.816991003,3886205.1112477984,3090303.5896627833,2557352.7618601215,2184707.7537041567,1893379.4269624834
147,5442018.021650814,5441813.205262923,5441486.942185129,5441094.696032376,5438648.128870711,5432554.00457223,5401673.218404068,5232767.843522547,4771033.048692368,3868981.60376349,3079748.843317534,2553307.288283729,2183463.9763837866,1893017.9100555226
148,5442016.011768197,5441811.195755867,5441484.6590701165,5441092.413546804,5438635.440902511,5432494.055173794,5401077.616816194,5228871.336838573,4759586.994215013,3852116.4347476,3069664.524671483,2549507.4685782217,2182302.848696476,1892679.6131794201
149,5442014.001895903,5441809.186259132,5441482.375967406,5441090.131073529,5438622.753128699,5432434.110132946,5400477.923554523,5224952.406625025,4748134.289114812,3835614.9165135655,3060030.430965565,2545937.917594105,2181222.0845607272,1892361.9748475389
150,5442011.992033932,5441807.176772717,5441480.092876998,5441087.8486125525,5438610.065549272,5432374.310662044,5399873.20694205,5221012.476480454,4736669.5406729635,3819474.3339271247,3050833.8987937276,2542585.952211856,2180215.678504009,1892063.8486133711
151,5442009.982182283,5441805.167296624,5441477.809798891,5441085.566163874,5438597.507065383,5432314.515536593,5399262.929096533,5217047.9835788775,4725204.10837434,3803700.2847609175,3042057.796558705,2539437.4704482635,2179276.7382968403,1891782.445445659
152,5442007.972340958,5441803.15783085,5441475.5267330855,5441083.283727495,5438584.948774092,5432254.724756224,5398648.264600974,5213065.576341308,4713739.01852456,3788293.3361337422,3033688.912053905,2536480.5123893563,2178399.0025456003,1891516.060483405
153,5442005.962509955,5441801.148375398,5441473.243679581,5441081.001303413,5438572.390675395,5432194.938320564,5398028.341660463,5209063.9150030445,4702283.092491226,3773253.8923562565,3025710.3305171067,2533701.966102942,2177579.2669069176,1891262.1502263173
154,5442003.952689275,5441799.138930264,5441470.96063838,5441078.71889163,5438559.832769288,5432135.297419924,5397403.777197974,5205042.419790466,4690839.761174148,3758581.507595026,3018105.052442117,2531090.9297038717,2176812.5043802354,1891021.5233258158
155,5442001.942878917,5441797.129495451,5441468.677609479,5441076.436492143,5438547.275055767,5432075.660852596,5396774.658990134,5201001.831247821,4679410.073683458,3744277.739518326,3010859.47739108,2528638.250638603,2176094.3742921446,1890791.3789913636
156,5441999.933078881,5441795.1200709585,5441466.394592879,5441074.1541049555,5438534.717534828,5432016.156130702,5396140.475565499,5196943.482531283,4668001.138272338,3730340.0972659024,3003959.676476406,2526328.856447513,2175421.488074193,1890570.4246612964
157,5441997.923289168,5441793.110656787,5441464.1115885805,5441071.871730065,5438522.160206467,5431956.787624743,5395501.627552677,5192868.235361496,4656616.674584027,3716763.7256812723,2997389.180411226,2524156.4894337426,2174790.9604761703,1890357.855190217
158,5441995.913509777,5441791.101252934,5441461.828596584,5441069.589367472,5438509.603070678,5431897.423401538,5394858.422103035,5188778.494424658,4645262.758322382,3703547.431871296,2991136.7959333463,2522112.9523396334,2174201.0424877387,1890152.928076711
159,5441993.903740708,5441789.0918594,5441459.5456168875,5441067.307017177,5438497.046127461,5431838.063460726,5394212.266024161,5184673.355273074,4633942.577531075,3690694.3892527665,2985181.8013817575,2520189.0161762508,2173644.086088964,1889954.3072124606
160,5441991.8939819615,5441787.082476188,5441457.262649492,5441065.024679178,5438484.489376809,5431778.835264552,5393561.671606459,5180554.741115852,4622663.451717093,3678196.2490999666,2979514.6429645303,2518377.3274870655,2173117.3880789494,1889761.6162657873
161,5441989.884233537,5441785.073103296,5441454.979694398,5441062.742353478,5438471.932818718,5431719.743185546,5392906.825284652,5176423.338724615,4611429.853230184,3666049.7165439953,2974125.1072263224,2516670.4215740496,2172621.2234976925,1889573.9620263954
162,5441987.874495435,5441783.063740722,5441452.696751604,5441060.460040076,5438459.376453186,5431660.802306408,5392247.772084884,5172279.052160282,4600244.521361919,3654250.9865228357,2968999.4297147305,2515061.8789779292,2172153.5229550716,1889390.8655147657
163,5441985.864767654,5441781.054388469,5441450.4138211105,5441058.177738969,5438446.820280207,5431602.006794536,5391584.486619217,5168122.031079431,4589112.8012865875,3642793.3175501768,2964126.396165239,2513542.8553853305,2171710.742575666,1889211.7258720156
164,5441983.855050195,5441779.045046534,5441448.130902918,5441055.89545016,5438434.264299778,5431543.347320146,5390917.928785063,5163953.263793254,4578040.986335154,3631673.5624574153,2959491.0972376843,2512108.764839406,2171291.5148927234,1889036.535483462
165,5441981.845343058,5441777.03571492,5441445.8479970265,5441053.613173648,5438421.708511895,5431484.692034658,5390247.166061422,5159773.020773044,4567032.704808345,3620882.511588721,2955084.970800037,2510758.1427406897,2170893.5932397214,1888864.3761673465
166,5441979.835646244,5441775.026393624,5441443.565103436,5441051.330909433,5438409.281805586,5431426.040937717,5389571.934643397,5155583.313152336,4556091.784319124,3610419.5529444637,2950895.6003597816,2509480.4638255904,2170513.9885970727,1888695.3715604185
167,5441977.8259597495,5441773.017082648,5441441.282222144,5441049.048657514,5438396.855290362,5431367.394028974,5388894.294717306,5151381.8455804065,4545223.2684751,3600278.3891072823,2946912.2218967676,2508270.668704724,2170151.9421000634,1888528.6027446208
168,5441975.816283577,5441771.007781992,5441438.999353154,5441046.766417893,5438384.428966215,5431308.878672257,5388212.758062693,5147170.3615347585,4534433.483326924,3590450.2188263712,2943128.285111901,2507127.6223290344,2169805.95921767,1888363.440920272
169,5441973.806617727,5441768.998491655,5441436.716496462,5441044.484190568,5438372.002833144,5431250.367478596,5387528.236108156,5142948.263329489,4523725.674947003,3580926.009853736,2939528.5674226526,2506043.927999127,2169473.864861045,1888200.443145635
170,5441971.796962198,5441766.989211636,5441434.433652071,5441042.201975539,5438359.576891143,5431191.9922032375,5386839.1274799425,5138716.460855322,4513098.910289018,3571707.814234621,2936108.248652451,2505017.2703108983,2169155.8349403813,1888038.7549623912
171,5441969.78731699,5441764.979941937,5441432.150819981,5441039.9197728075,5438347.151140209,5431133.621067395,5386147.028474233,5134476.232505901,4502558.57882373,3562780.5241804966,2932858.391811934,2504042.5810555886,2168848.928542218,1887878.759823657
172,5441967.777682103,5441762.970682557,5441429.868000191,5441037.637582371,5438334.725580337,5431075.254070725,5385452.349881674,5130227.681232464,4492113.330223361,3554144.746008662,2929770.7341824993,2503115.9645310557,2168553.713132889,1887719.7190442325
173,5441965.768057537,5441760.961433495,5441427.585192699,5441035.355404232,5438322.300211525,5431016.8912128825,5384755.272240588,5125970.028111935,4481767.53730632,3545789.8069420867,2926835.611859421,2502234.0738357026,2168267.995485957,1887562.2878189657
174,5441963.758443292,5441758.952194753,5441425.302397507,5441033.073238389,5438309.875033766,5430958.532493519,5384054.745387101,5121707.3510044385,4471521.931967014,3537710.528230288,2924045.6047245534,2501395.313059895,2167991.6421883754,1887406.4270340132
175,5441961.748839369,5441756.942966329,5441423.019614616,5441030.791084842,5438297.450047058,5430900.177912291,5383350.755942834,5117436.971762188,4461379.752113172,3529897.4050080627,2921389.6348117595,2500595.935255868,2167723.226676783,1887251.419169663
176,5441959.739245768,5441754.933748225,5441420.736844024,5441028.508943591,5438285.025251397,5430841.958030593,5382644.721151149,5113161.488998586,4451346.195056376,3522348.284665711,2918865.2370775635,2499836.756321836,2167462.281404453,1887097.2634518961
177,5441957.729662485,5441752.924540438,5441418.454085731,5441026.226814635,5438272.600646778,5430783.872806972,5381936.196925365,5108882.415244663,4441421.675885092,3515054.687977791,2916461.415858384,2499110.5689603244,2167208.355747549,1886943.9899477793
178,5441955.720089525,5441750.91534297,5441416.171339737,5441023.944697976,5438260.176233198,5430725.791666254,5381224.45124752,5104596.243140856,4431612.423285393,3508009.727804105,2914173.3054222357,2498416.4586418406,2166961.567959628,1886791.26823899
179,5441953.710526885,5441748.90615582,5441413.8886060435,5441021.662593612,5438247.752010651,5430667.846262044,5380510.205687457,5100306.312932986,4421921.763005394,3501206.3848042856,2911991.445559142,2497752.7644311455,2166719.591090213,1886639.260264182
180,5441951.700974567,5441746.896978989,5441411.605884649,5441019.380501545,5438235.327979136,5430609.904917728,5379794.278114779,5096015.870944655,4412347.196479698,3494641.700690263,2909915.238844352,2497116.3076619897,2166482.72297277,1886487.7822853932
181,5441949.691432567,5441744.887812476,5441409.323175553,5441017.098421773,5438222.904138647,5430551.967632975,5379075.8202436725,5091722.450146969,4402894.8106865045,3488305.682076769,2907935.7605960844,2496505.453060831,2166250.8192554493,1886336.9468932946
182,5441947.681900889,5441742.878656281,5441407.040478756,5441014.816354295,5438210.4804891795,5430494.034407448,5378355.553076482,5087428.042310143,4393568.2653224785,3482193.933300755,2906045.186389926,2495918.987488932,2166023.330412292,1886186.4593099565
183,5441945.672379532,5441740.869510405,5441404.757794258,5441012.534299115,5438198.05703073,5430436.495547894,5377632.567391107,5083134.281160364,4384366.598882964,3476299.055676252,2904242.9309490975,2495354.9327714685,2165799.40367445,1886036.3668474199
184,5441943.662868494,5441738.8603748465,5441402.475122059,5441010.252256228,5438185.633763296,5430379.087845175,5376907.673892314,5078839.077002799,4375293.561714682,3470615.1404759847,2902518.741727826,2494812.0276690964,2165577.9062330164,1885886.582648646
185,5441941.653367777,5441736.851249607,5441400.192462158,5441007.970225638,5438173.210686871,5430321.684104776,5376180.349695412,5074541.4105976485,4366349.12017781,3465134.245799894,2900872.9159738873,2494288.539745436,2165358.9952964303,1885737.664592194
186,5441939.643877381,5441734.842134684,5441397.909814556,5441005.688207341,5438160.787801453,5430264.284326382,5375451.284354536,5070243.771826414,4357537.615152436,3459855.8093449017,2899300.2128509283,2493784.55883069,2165142.829091465,1885589.5945467602
187,5441937.634397304,5441732.833030079,5441395.627179254,5441003.406201341,5438148.365107037,5430207.150653757,5374721.01395369,5065944.658263813,4348859.256502712,3454762.7296942677,2897792.7789368285,2493298.0217127176,2164929.5257060435,1885442.2318854192
188,5441935.624927547,5441730.823935793,5441393.34455625,5441001.124207635,5438135.942603619,5430150.148017302,5373988.753117351,5061644.811133847,4340317.167182438,3449856.050284226,2896352.388661569,2492826.3567556,2164717.6219886476,1885295.1717631775
189,5441933.615468111,5441728.814851824,5441391.061945543,5440998.842226224,5438123.520291194,5430093.277426978,5373254.604062231,5057348.220823553,4331907.022783583,3445129.073940378,2894971.3616702715,2492368.5928010265,2164507.603930358,1885148.6296156547
190,5441931.606018994,5441726.805778172,5441388.779347135,5440996.560257109,5438111.098169761,5430036.410702901,5372519.112082882,5053049.335925682,4323634.611235596,3440574.1383571224,2893648.7353577726,2491924.366555257,2164299.6570453467,1885002.2454268676
191,5441929.596580198,5441724.796714839,5441386.496761024,5440994.278300287,5438098.676239314,5429979.682808004,5371781.641055662,5048753.668793845,4315495.781340666,3436184.458426059,2892377.7831047396,2491492.0197356245,2164093.5017566755,1884855.9195615912
192,5441927.58715172,5441722.7876618225,5441384.214187213,5440991.996355761,5438086.254499847,5429923.216187792,5371042.920661988,5044460.113920938,4307490.240417799,3431956.5181827736,2891154.520301765,2491072.4570440385,2163888.564993459,1884709.993164937
193,5441925.577733563,5441720.778619124,5441381.9316257,5440989.714423528,5438073.832951359,5429866.884864103,5370303.302369266,5040171.711012302,4299619.768797485,3427886.3004904757,2889979.9569057017,2490664.92482181,2163684.818530054,1884564.4360796576
194,5441923.568325725,5441718.769586743,5441379.649076484,5440987.43250359,5438061.411593845,5429810.6843663985,5369562.722301281,5035884.046260981,4291889.794672863,3423968.9709523944,2888850.1568900337,2490266.9329149444,2163481.853976108,1884419.151438665
195,5441921.558928208,5441716.760564678,5441377.366539566,5440985.150595946,5438048.990427301,5429754.487618658,5368820.745705784,5031599.839542002,4284299.827143006,3420197.2482135184,2887761.234244613,2489878.334589609,2163280.1046933383,1884274.047810808
196,5441919.54954101,5441714.751552931,5441375.084014947,5440982.868700597,5438036.569451723,5429698.424927803,5368078.852468286,5027319.085191131,4276846.978209423,3416564.585446028,2886710.28722036,2489498.5741066216,2163079.4336186773,1884129.1241120019
197,5441917.54016413,5441712.742551502,5441372.801502624,5440980.586817543,5438024.148667107,5429642.497422127,5367336.501402384,5023045.188281063,4269531.304141268,3413066.0767257265,2885695.6916266712,2489127.1266368018,2162879.7168886075,1883984.309067797
198,5441915.53079757,5441710.733560389,5441370.5190026,5440978.304946782,5438011.728073448,5429586.70062852,5366592.584972078,5018777.81364924,4262355.124129448,3409697.8634898257,2884714.778159394,2488763.1198663227,2162680.7486382523,1883839.8332232726
199,5441913.521441329,5441708.724579593,5441368.236514872,5440976.023088315,5437999.307670744,5429530.907516537,5365848.681753241,5014515.09179207,4255313.111741227,3406452.8930306463,2883763.179800734,2488406.1853511757,2162482.529631869,1883695.4139482104
